fingerprint,title,author,date,source,source-hostname,hostname
9VsJYrc4eiiAhYjuynSMmqmOzVA=,The Clockwork Sky,"Nick heard his neighbor turn and murmur in his sleep on the lower berth. Jagged spots of moonlight raced each other across the table. The bottle of mineral water leaned against the window as if nothing had happened. Nick wagged his finger at it and looked down, searching for the intruder. Naturally, the sheep was nowhere to be seen; evaporated, as usual. On the floor there was only a book.",2016-02-01,https://cosmicrootsandeldritchshores.com/fiction-all/eldritch/the-clockwork-sky/,Cosmic Roots and Eldritch Shores,cosmicrootsandeldritchshores.com
+ysdJGOTyae2UY0QOVD5AgqXkkU=,Slipping,Joan Stewart,2018-12-01,https://cosmicrootsandeldritchshores.com/fiction-all/fantasy/slipping/,Cosmic Roots and Eldritch Shores,cosmicrootsandeldritchshores.com
WWcAGWIY1GJfhcI+p9D61aFhFV0=,"The Water Buffalo, the Wanderer, and the Prince",Sam Muller,2018-12-01,https://cosmicrootsandeldritchshores.com/fiction-all/stories-for-young-people-from-4-to-400/water-buffalo-et-al/,Cosmic Roots and Eldritch Shores,cosmicrootsandeldritchshores.com
nAO3UnYCNBaZYkx/v6kBwZZzlNI=,The Ice Angel of Leningrad,"This story is dedicated to and inspired by my grandmother, who",2018-12-01,https://cosmicrootsandeldritchshores.com/fiction-all/fantasy/the-ice-angel-of-leningrad/,Cosmic Roots and Eldritch Shores,cosmicrootsandeldritchshores.com
Mwi4qpr9FXrofrpm0frvmf5wfjU=,The Cloud Knitters,Han Whiteoak,2018-12-01,https://cosmicrootsandeldritchshores.com/fiction-all/stories-for-young-people-from-4-to-400/the-cloud-knitters/,Cosmic Roots and Eldritch Shores,cosmicrootsandeldritchshores.com
H/NO8JIYPHNXxYzvtMfiovwOqRI=,The Tears of the Dead,Mark Rookyard,2016-12-01,https://cosmicrootsandeldritchshores.com/fiction-all/fantasy/the-tears-of-the-dead/,Cosmic Roots and Eldritch Shores,cosmicrootsandeldritchshores.com
j3sI/eu2cN8CLWDIYSs7diC/EAY=,A Witch’s Junk Drawer,Rebecca Buchanan,2018-12-01,https://cosmicrootsandeldritchshores.com/fiction-all/fantasy/a-witchs-junk-drawer/,Cosmic Roots and Eldritch Shores,cosmicrootsandeldritchshores.com
M8u9oTP8FNLUNcA4QDdYmmGANg0=,Still Life,Adam Stemple,2018-12-01,https://cosmicrootsandeldritchshores.com/fiction-all/eldritch/still-life/,Cosmic Roots and Eldritch Shores,cosmicrootsandeldritchshores.com
fgYiyCUjLVKbIevMacuYPWf4a4c=,Fibonacci’s Rabbits,Geoffrey A. Landis,2018-12-01,https://cosmicrootsandeldritchshores.com/fiction-all/science-fiction/fibonaccis-rabbits/,Cosmic Roots and Eldritch Shores,cosmicrootsandeldritchshores.com
kK4XP0yp3OIc4FQ2Wp9cB3WYHxw=,The Shadows Left Behind,Ian Pohl,2015-10-01,https://cosmicrootsandeldritchshores.com/fiction-all/fantasy/the-shadows-left-behind/,Cosmic Roots and Eldritch Shores,cosmicrootsandeldritchshores.com
L1Yt8n0EomKjFIH1aU5ncQnWWKQ=,Ice,Diana Silver,2015-10-01,https://cosmicrootsandeldritchshores.com/fiction-all/eldritch/ice/,Cosmic Roots and Eldritch Shores,cosmicrootsandeldritchshores.com
2zSZsJWrtcukE7CSRa/h/8bLyIc=,Got Time,Lee Rutty,2018-02-01,https://cosmicrootsandeldritchshores.com/fiction-all/science-fiction/got-time/,Cosmic Roots and Eldritch Shores,cosmicrootsandeldritchshores.com
HT7gAdjmwJ4FaVlxMR2cXWCFqn0=,TO THE MONSTERS WITH LOVE,A. Merc Rustad,2016-01-01,https://cosmicrootsandeldritchshores.com/fiction-all/fantasy/to-the-monsters-with-love/,Cosmic Roots and Eldritch Shores,cosmicrootsandeldritchshores.com
sOAOkZt0QVQ1hJ74z2m9yHcaPy4=,Tyrian Purple,T. R. Frazier,2018-12-01,https://cosmicrootsandeldritchshores.com/fiction-all/myths-legends-and-fairy-tales/tyrian-purple/,Cosmic Roots and Eldritch Shores,cosmicrootsandeldritchshores.com
snGLLixgNh0aLWuNsK6B+6Tqv+8=,The Sandwich Shack,Patrick Hurley,2018-09-01,https://cosmicrootsandeldritchshores.com/fiction-all/eldritch/the-sandwich-shack/,Cosmic Roots and Eldritch Shores,cosmicrootsandeldritchshores.com
Cs2YEJ/oGKOkPPo0zWXJ7nYVnJw=,In a Field of Bone-Bonnets,Aimee Picchi,2017-10-01,https://cosmicrootsandeldritchshores.com/fiction-all/myths-legends-and-fairy-tales/in-a-field-of-bone-bonnets/,Cosmic Roots and Eldritch Shores,cosmicrootsandeldritchshores.com
8kdT7Xs2pXltoC7PFv3vaZI7l+0=,Tree with Chalicotheres,Vicki Saunders,2017-07-01,https://cosmicrootsandeldritchshores.com/fiction-all/stories-for-young-people-from-4-to-400/tree-with-chalicotheres/,Cosmic Roots and Eldritch Shores,cosmicrootsandeldritchshores.com
9jJJxoaNtCJ5S0zQpcmZmVJN70c=,Souls of Dinosaurs,Alexandra Balasa,2017-05-01,https://cosmicrootsandeldritchshores.com/fiction-all/fantasy/souls-of-dinosaurs/,Cosmic Roots and Eldritch Shores,cosmicrootsandeldritchshores.com
fBDM+oPDzwiQ9L6Um1PG6qWiHC0=,The Rental Heart,by Kirsty Logan,2016-05-01,https://cosmicrootsandeldritchshores.com/fiction-all/eldritch/the-rental-heart/,Cosmic Roots and Eldritch Shores,cosmicrootsandeldritchshores.com
VQd55n4p5rVNSyg0uTUWxpVJbsY=,In Zarbok’s Kitchen,By Matthew F. Amati,2017-01-01,https://cosmicrootsandeldritchshores.com/fiction-all/science-fiction/in-zarboks-kitchen/,Cosmic Roots and Eldritch Shores,cosmicrootsandeldritchshores.com
uJdviXbGxXbnhCehDkUuRSeJQh8=,Bolaji Has a Heart,Osahon Ize-Iyamu,2017-10-01,https://cosmicrootsandeldritchshores.com/fiction-all/eldritch/bolaji-has-a-heart/,Cosmic Roots and Eldritch Shores,cosmicrootsandeldritchshores.com
20VWJ29IDkE1jvZ4lQ1DE0lR9Do=,Dawn Blossom,John Eckelkamp,2016-03-01,https://cosmicrootsandeldritchshores.com/fiction-all/fantasy/dawn-blossom/,Cosmic Roots and Eldritch Shores,cosmicrootsandeldritchshores.com
uHryvhUJ0ygRyZ9vI90jhnoUTdY=,Four and Twenty Blackbirds,Alexei Collier,2018-12-01,https://cosmicrootsandeldritchshores.com/fiction-all/myths-legends-and-fairy-tales/four-and-twenty-blackbirds/,Cosmic Roots and Eldritch Shores,cosmicrootsandeldritchshores.com
VDGXW42WdeftzEGtq1ryBw4H8jU=,Trans-Dimensional Monsters and Suburban Gods,Steve Oden,2018-12-01,https://cosmicrootsandeldritchshores.com/fiction-all/fantasy/trans-dimensional-monsters-and-suburban-gods/,Cosmic Roots and Eldritch Shores,cosmicrootsandeldritchshores.com
puxn0cg+Dp2KKyna5cRSGYY6PAk=,The Oaken Chocolate Box,Gayle Beveridge,2015-10-01,https://cosmicrootsandeldritchshores.com/fiction-all/fantasy/the-oaken-chocolate-box/,Cosmic Roots and Eldritch Shores,cosmicrootsandeldritchshores.com
B3jKp4pg2Y7L1Kqwhc948XRCTRc=,The One and the Many,by William Ledbetter,2015-10-01,https://cosmicrootsandeldritchshores.com/fiction-all/science-fiction/the-one-and-the-many/,Cosmic Roots and Eldritch Shores,cosmicrootsandeldritchshores.com
NWPlUyU3PqF1JT+oyGVUFgAnskU=,Souls of Dinosaurs,Alexandra Balasa,2017-05-01,https://cosmicrootsandeldritchshores.com/fiction-all/fantasy/souls-of-dinosaurs/,Cosmic Roots and Eldritch Shores,cosmicrootsandeldritchshores.com
rRzJYHTIQvznz2dKw8/hzN13ims=,Auto Draft,H.B. Stonebridge,2015-10-01,https://cosmicrootsandeldritchshores.com/fiction-all/myths-legends-and-fairy-tales/auto-draft/,Cosmic Roots and Eldritch Shores,cosmicrootsandeldritchshores.com
ErFDeAvpPkxS5Yn4a4stDgVKyMI=,The Listeners,by Walter de la Mare,2015-10-01,https://cosmicrootsandeldritchshores.com/fiction-all/eldritch/the-listeners/,Cosmic Roots and Eldritch Shores,cosmicrootsandeldritchshores.com
OPLj7aJx3WGuZiXJuzSm4mGXEbw=,The Book of Winter,Caroline Friedel,2018-12-23,https://cosmicrootsandeldritchshores.com/fiction-all/stories-for-young-people-from-4-to-400/the-book-of-winter/,Cosmic Roots and Eldritch Shores,cosmicrootsandeldritchshores.com
l8ok+5EhPfvr6vZtO1zq56OnH8o=,The Waiting Shade,Casey Laine,2018-12-01,https://cosmicrootsandeldritchshores.com/fiction-all/fantasy/the-waiting-shade/,Cosmic Roots and Eldritch Shores,cosmicrootsandeldritchshores.com
KBAnDNDN+luTIht9gDo9ip+NdQk=,Cosmic Roots And Eldritch Shores,Stephen S. Power,2015-10-01,https://cosmicrootsandeldritchshores.com/fiction-all/eldritch/mr-pony/,Cosmic Roots and Eldritch Shores,cosmicrootsandeldritchshores.com
i0vGGXugO8TYtcIEzqwRJvFabAQ=,Olaf and Lars,Kevin Lauderdale,2015-10-01,https://cosmicrootsandeldritchshores.com/fiction-all/stories-for-young-people-from-4-to-400/olaf-and-lars/,Cosmic Roots and Eldritch Shores,cosmicrootsandeldritchshores.com
vXNNFMiHG392+37Gz0/ms3Qfxp0=,The Magpie of Souls,David Tallerman,2016-03-01,https://cosmicrootsandeldritchshores.com/fiction-all/fantasy/magpie-of-souls/,Cosmic Roots and Eldritch Shores,cosmicrootsandeldritchshores.com
x3bcC/QhfWS/hVZr51ObTX+4jOY=,Trans-Dimensional Monsters and Suburban Gods,Steve Oden,2018-12-01,https://cosmicrootsandeldritchshores.com/fiction-all/fantasy/trans-dimensional-monsters-and-suburban-gods/,Cosmic Roots and Eldritch Shores,cosmicrootsandeldritchshores.com
2kNk3nX+0pLZyemvcU94OLz7w/w=,Crow Born,“Do you understand me?”,2018-12-01,https://cosmicrootsandeldritchshores.com/fiction-all/fantasy/crow-born/,Cosmic Roots and Eldritch Shores,cosmicrootsandeldritchshores.com
LtxhiTk6SNyKZIYVGxj/fDsG4vk=,Major Difficulties,H.B. Stonebridge,2018-12-01,https://cosmicrootsandeldritchshores.com/fiction-all/myths-legends-and-fairy-tales/major-difficulties/,Cosmic Roots and Eldritch Shores,cosmicrootsandeldritchshores.com
q1iR01Sp7zSx+7KXcEKLLyGTImA=,Love Potion,Anne E.G. Nydam,2015-10-01,https://cosmicrootsandeldritchshores.com/fiction-all/fantasy/love-potion/,Cosmic Roots and Eldritch Shores,cosmicrootsandeldritchshores.com
s9Y4G2NpluQNtkNzoTgWCSi6s5I=,The Last Rosy-Fingered Dawn,Paul Celmer,2018-12-01,https://cosmicrootsandeldritchshores.com/fiction-all/science-fiction/the-last-rosy-fingered-dawn/,Cosmic Roots and Eldritch Shores,cosmicrootsandeldritchshores.com
axvGcCDeReDQFY+Vc/ucr8lPZOw=,With the Taste of Oblivion in Her Mouth,by M. E. Garber,2015-10-01,https://cosmicrootsandeldritchshores.com/fiction-all/science-fiction/taste-of-oblivion/,Cosmic Roots and Eldritch Shores,cosmicrootsandeldritchshores.com
6JptLQqU2DaZPSMDgdQz91rnxKM=,This Ends in Violence or It Never Ends,Michael Ray,2018-12-01,https://cosmicrootsandeldritchshores.com/fiction-all/science-fiction/this-ends-in-violence-or/,Cosmic Roots and Eldritch Shores,cosmicrootsandeldritchshores.com
NQTYBY/gzg+9nG2Aq7BvkbZEGW8=,King of Flame,Janie Brunson,2015-10-01,https://cosmicrootsandeldritchshores.com/fiction-all/fantasy/king-of-flame/,Cosmic Roots and Eldritch Shores,cosmicrootsandeldritchshores.com
L9M2XZT/CaD+oHCyJ4UtvOrFZoQ=,Lunatic,by Kate O’Connor,2016-01-01,https://cosmicrootsandeldritchshores.com/fiction-all/eldritch/lunatic/,Cosmic Roots and Eldritch Shores,cosmicrootsandeldritchshores.com
K+kNLqYqI5BtdLsowmc2Pz5y75w=,The Cloud Knitters,Han Whiteoak,2018-12-01,https://cosmicrootsandeldritchshores.com/fiction-all/stories-for-young-people-from-4-to-400/the-cloud-knitters/,Cosmic Roots and Eldritch Shores,cosmicrootsandeldritchshores.com
BS+GtPVY4xYXn4Q25JVeMPIp+Yk=,A Possession of Magpies,E.E. King,2016-03-01,https://cosmicrootsandeldritchshores.com/fiction-all/eldritch/a-possession-of-magpies/,Cosmic Roots and Eldritch Shores,cosmicrootsandeldritchshores.com
ksQclszig7GuQ+g3WM++Mh+3IA0=,The Omaha Zephyr,Terri Karsten,2015-10-01,https://cosmicrootsandeldritchshores.com/fiction-all/eldritch/the-omaha-zephyr/,Cosmic Roots and Eldritch Shores,cosmicrootsandeldritchshores.com
knDsRKejoG/QbeEfSzcrRHUHfZQ=,In a Field of Bone-Bonnets,Aimee Picchi,2017-10-01,https://cosmicrootsandeldritchshores.com/fiction-all/myths-legends-and-fairy-tales/in-a-field-of-bone-bonnets/,Cosmic Roots and Eldritch Shores,cosmicrootsandeldritchshores.com
MMc9Cjm29u/zRW+27D7R3oq9N2Y=,THE SECOND CONCERT,Brian Blanchenot,2015-10-01,https://cosmicrootsandeldritchshores.com/fiction-all/science-fiction/the-second-concert/,Cosmic Roots and Eldritch Shores,cosmicrootsandeldritchshores.com
c5hytQNGHQag3FcWuAoI+b0BxN8=,Black Annis and the Bargeust,by Sarah L Byrne,2015-10-01,https://cosmicrootsandeldritchshores.com/fiction-all/myths-legends-and-fairy-tales/black-annis-and-the-bargeust/,Cosmic Roots and Eldritch Shores,cosmicrootsandeldritchshores.com
VXzB9tdijYUF4TDYyNtfRbbQye8=,In Zarbok’s Kitchen,By Matthew F. Amati,2017-01-01,https://cosmicrootsandeldritchshores.com/fiction-all/science-fiction/in-zarboks-kitchen/,Cosmic Roots and Eldritch Shores,cosmicrootsandeldritchshores.com
0k6ikHeiLeOzyDDR5Zts9pUP5iw=,A Ladder to the Moon,Naoko Awa,2015-10-01,https://cosmicrootsandeldritchshores.com/fiction-all/stories-for-young-people-from-4-to-400/ladder-to-the-moon/,Cosmic Roots and Eldritch Shores,cosmicrootsandeldritchshores.com
/P6lFynYkZJUZMj5ucH016EocBU=,The Witching Hour,Ekpeki Oghenechovwe Donald,2018-04-01,https://cosmicrootsandeldritchshores.com/fiction-all/myths-legends-and-fairy-tales/the-witching-hour/,Cosmic Roots and Eldritch Shores,cosmicrootsandeldritchshores.com
0oZH0pVt/WZ+gi1vQ86FNbhNujg=,Tomorrow Is a Difficult Proposition,Kris Bowser,2018-12-01,https://cosmicrootsandeldritchshores.com/fiction-all/science-fiction/tomorrow-is-a-difficult-proposition/,Cosmic Roots and Eldritch Shores,cosmicrootsandeldritchshores.com
mFhYab/Q+0gmSDDOz/9RV71laSE=,The Listeners,by Walter de la Mare,2015-10-01,https://cosmicrootsandeldritchshores.com/fiction-all/eldritch/the-listeners/,Cosmic Roots and Eldritch Shores,cosmicrootsandeldritchshores.com
MsdIg7h6pFY/uwmTdAO2xD7itZc=,Lacrimae Knows,by CJ Jessop,2016-03-01,https://cosmicrootsandeldritchshores.com/fiction-all/fantasy/lacrimae-knows/,Cosmic Roots and Eldritch Shores,cosmicrootsandeldritchshores.com
D7TjkCvn1+HdIXTyWz1tASgIHQI=,A Ladder to the Moon,Naoko Awa,2015-10-01,https://cosmicrootsandeldritchshores.com/fiction-all/stories-for-young-people-from-4-to-400/ladder-to-the-moon/,Cosmic Roots and Eldritch Shores,cosmicrootsandeldritchshores.com
Blpw06fZvJo6JKGhpw1Uh2kMsC4=,Major Difficulties,H.B. Stonebridge,2018-12-01,https://cosmicrootsandeldritchshores.com/fiction-all/myths-legends-and-fairy-tales/major-difficulties/,Cosmic Roots and Eldritch Shores,cosmicrootsandeldritchshores.com
KJM1jm80pH9UEg022u2E/I9uNeM=,The Last Rosy-Fingered Dawn,Paul Celmer,2018-12-01,https://cosmicrootsandeldritchshores.com/fiction-all/science-fiction/the-last-rosy-fingered-dawn/,Cosmic Roots and Eldritch Shores,cosmicrootsandeldritchshores.com
OcQfu+7e6o+vdAROIf/tBzLCx2E=,Home is the Sailor,Brenda W. Clough,2018-12-01,https://cosmicrootsandeldritchshores.com/fiction-all/myths-legends-and-fairy-tales/home-is-the-sailor/,Cosmic Roots and Eldritch Shores,cosmicrootsandeldritchshores.com
DJtXw67cCeUEM7I08E32L47q480=,Entanglement,Christopher Blake,2018-12-01,https://cosmicrootsandeldritchshores.com/fiction-all/science-fiction/entanglement/,Cosmic Roots and Eldritch Shores,cosmicrootsandeldritchshores.com
S7K8IhU1xHONGeZbc4ssZ5Uwir4=,Olaf and Lars,Kevin Lauderdale,2015-10-01,https://cosmicrootsandeldritchshores.com/fiction-all/stories-for-young-people-from-4-to-400/olaf-and-lars/,Cosmic Roots and Eldritch Shores,cosmicrootsandeldritchshores.com
rWpeareubaBiQ7Oi56Q4YDAbb5U=,Ice,Diana Silver,2015-10-01,https://cosmicrootsandeldritchshores.com/fiction-all/eldritch/ice/,Cosmic Roots and Eldritch Shores,cosmicrootsandeldritchshores.com
0f/2/Vc9pibhRYCCcSHdsm5vLow=,The Crystal Zyst,"A Eula Banks, State Certified Zeitle Engineer, Story",2018-12-01,https://cosmicrootsandeldritchshores.com/fiction-all/science-fiction/crystal-zyst/,Cosmic Roots and Eldritch Shores,cosmicrootsandeldritchshores.com
tpIu50i5DwN8lOp3xk+Eb4z+GM0=,Got Time,Lee Rutty,2018-02-01,https://cosmicrootsandeldritchshores.com/fiction-all/science-fiction/got-time/,Cosmic Roots and Eldritch Shores,cosmicrootsandeldritchshores.com
DyDmz5kOsZ6jBsHHMkyorrsHRGw=,Revolution Days,Gary Kloster,2017-12-01,https://cosmicrootsandeldritchshores.com/fiction-all/fantasy/revolution-days/,Cosmic Roots and Eldritch Shores,cosmicrootsandeldritchshores.com
F4/GS10BcQBMXqiMLc4lHff/U5E=,Sonical — Locker X,"This fractal animation video was created by Brian May. He wrote the music first. While writing it, images of science fiction scenes came to him, and inspired him to make the video!",2015-10-01,https://cosmicrootsandeldritchshores.com/fiction-all/science-fiction/sonical-locker-x/,Cosmic Roots and Eldritch Shores,cosmicrootsandeldritchshores.com
33lG0jQ+zJpj0T3NILFuryiJ0OM=,The Crystal Zyst,"A Eula Banks, State Certified Zeitle Engineer, Story",2018-12-01,https://cosmicrootsandeldritchshores.com/fiction-all/science-fiction/crystal-zyst/,Cosmic Roots and Eldritch Shores,cosmicrootsandeldritchshores.com
RrkcpL1LpwMuUA+THcgH/+mtTOo=,The River’s Daughter and the Gunslinger God,Matthew Claxton,2017-04-01,https://cosmicrootsandeldritchshores.com/fiction-all/fantasy/rivers-daughter/,Cosmic Roots and Eldritch Shores,cosmicrootsandeldritchshores.com
YYPav1y2FpFQ1Bmy5/2sUTjhDmk=,The Fo’dekai Artifact,J.D. Moyer,2017-04-01,https://cosmicrootsandeldritchshores.com/fiction-all/science-fiction/fodekai-artifact/,Cosmic Roots and Eldritch Shores,cosmicrootsandeldritchshores.com
dHBwXZAGyzRCknchG3jNgE+8j+s=,Fibonacci’s Rabbits,Geoffrey A. Landis,2018-12-01,https://cosmicrootsandeldritchshores.com/fiction-all/science-fiction/fibonaccis-rabbits/,Cosmic Roots and Eldritch Shores,cosmicrootsandeldritchshores.com
yOV3Q5rNmXUcnX7FmrCnoy8M+ow=,THE SECOND CONCERT,Brian Blanchenot,2015-10-01,https://cosmicrootsandeldritchshores.com/fiction-all/science-fiction/the-second-concert/,Cosmic Roots and Eldritch Shores,cosmicrootsandeldritchshores.com
zsX4Skzxd4OUWu8fzipqY2yJcyc=,Emissary,Joshua Grasso,2018-12-01,https://cosmicrootsandeldritchshores.com/fiction-all/eldritch/emissary/,Cosmic Roots and Eldritch Shores,cosmicrootsandeldritchshores.com
yHAlN3upXRw80vgXRBb6tGyMPWU=,Dead Things,Lawrence Van Hoof,2015-10-01,https://cosmicrootsandeldritchshores.com/fiction-all/stories-for-young-people-from-4-to-400/dead-things/,Cosmic Roots and Eldritch Shores,cosmicrootsandeldritchshores.com
3Uj4NrQzKy6lUhPdQcRXxTOl5Ps=,Ghosts of Bunker Seven,Derrick Boden,2015-10-01,https://cosmicrootsandeldritchshores.com/fiction-all/science-fiction/ghosts-of-bunker-seven/,Cosmic Roots and Eldritch Shores,cosmicrootsandeldritchshores.com
Fx8lgLWlywVnRPQ61G9qmBk9RoM=,Leon’s Last Meal,by Shayna Coplan,2016-09-01,https://cosmicrootsandeldritchshores.com/fiction-all/science-fiction/leons-last-meal/,Cosmic Roots and Eldritch Shores,cosmicrootsandeldritchshores.com
7N79znKYqiNFEUr+VAy5XxBlWYk=,Then We Stood Still,An Homage to the works of Isaac Asimov,2010-01-01,https://cosmicrootsandeldritchshores.com/fiction-all/science-fiction/then-we-stood-still/,Cosmic Roots and Eldritch Shores,cosmicrootsandeldritchshores.com
ZqCkg+syYbpAZFWcHQxbMg7PIhU=,Thief or Felon Bold,Alter S. Reiss,2017-01-01,https://cosmicrootsandeldritchshores.com/fiction-all/myths-legends-and-fairy-tales/thief-or-felon-bold/,Cosmic Roots and Eldritch Shores,cosmicrootsandeldritchshores.com
VvXV3HZxUsyzdMG9+/unE/eUnms=,The Undine and Pain’s Brother,Lucia Iglesias,2015-10-01,https://cosmicrootsandeldritchshores.com/fiction-all/eldritch/undine-and-pains-brother/,Cosmic Roots and Eldritch Shores,cosmicrootsandeldritchshores.com
g4SB7iO+HvkYmMNTchK3Xdj3G+I=,The Memory Bank and Trust,Patrick Hurley,2018-12-01,https://cosmicrootsandeldritchshores.com/fiction-all/fantasy/the-memory-bank-and-trust/,Cosmic Roots and Eldritch Shores,cosmicrootsandeldritchshores.com
AfINpgYg3L1YDZl2uT2dOEMm2Zo=,Four and Twenty Blackbirds,Alexei Collier,2018-12-01,https://cosmicrootsandeldritchshores.com/fiction-all/myths-legends-and-fairy-tales/four-and-twenty-blackbirds/,Cosmic Roots and Eldritch Shores,cosmicrootsandeldritchshores.com
DWW7QJw1fyAC69Xky4fFbsMMDi4=,Bolaji Has a Heart,Osahon Ize-Iyamu,2017-10-01,https://cosmicrootsandeldritchshores.com/fiction-all/eldritch/bolaji-has-a-heart/,Cosmic Roots and Eldritch Shores,cosmicrootsandeldritchshores.com
fzYojSMYM0OAV0/M8zMQHbBKp10=,Emissary,Joshua Grasso,2018-12-01,https://cosmicrootsandeldritchshores.com/fiction-all/eldritch/emissary/,Cosmic Roots and Eldritch Shores,cosmicrootsandeldritchshores.com
01hmy1KuUXCXjERbv/G5345PQKs=,Maggoty Meg Flies Up the Mountain,Jonathan Lenore Kastin,2018-12-01,https://cosmicrootsandeldritchshores.com/fiction-all/fantasy/maggoty-meg-flies-up-the-mountain/,Cosmic Roots and Eldritch Shores,cosmicrootsandeldritchshores.com
INvcYRN/6lVd5cJBdAz0onsSiTA=,Slipping,Joan Stewart,2018-12-01,https://cosmicrootsandeldritchshores.com/fiction-all/fantasy/slipping/,Cosmic Roots and Eldritch Shores,cosmicrootsandeldritchshores.com
U6ALTs60xkprdyQ+ywBFdqfNw6I=,Wild Ships,Phoebe Wagner,2015-10-01,https://cosmicrootsandeldritchshores.com/fiction-all/science-fiction/wild-ships/,Cosmic Roots and Eldritch Shores,cosmicrootsandeldritchshores.com
mrScBBE3H7UBS5jbptgjlVZngRw=,Tree with Chalicotheres,Vicki Saunders,2017-07-01,https://cosmicrootsandeldritchshores.com/fiction-all/stories-for-young-people-from-4-to-400/tree-with-chalicotheres/,Cosmic Roots and Eldritch Shores,cosmicrootsandeldritchshores.com
bSX3wQO6qgRzJPMsUAzln4x3ZRU=,The Oaken Chocolate Box,Gayle Beveridge,2015-10-01,https://cosmicrootsandeldritchshores.com/fiction-all/fantasy/the-oaken-chocolate-box/,Cosmic Roots and Eldritch Shores,cosmicrootsandeldritchshores.com
E9MNIUmlDOMv/si/wMWrxFELhiU=,Glory Whales,Marc A. Criley,2015-10-01,https://cosmicrootsandeldritchshores.com/fiction-all/science-fiction/glory-whales/,Cosmic Roots and Eldritch Shores,cosmicrootsandeldritchshores.com
Ns6Te4k9alROBhQpzxosEOdFQi0=,How Thomas Connolly Met the Banshee,John Todhunter,2018-12-01,https://cosmicrootsandeldritchshores.com/fiction-all/myths-legends-and-fairy-tales/met-the-banshee/,Cosmic Roots and Eldritch Shores,cosmicrootsandeldritchshores.com
Sw3sb637gaGL+XkHXMa3jgiPGKo=,Where Things May Lead,Barbara Krasnoff,2018-12-01,https://cosmicrootsandeldritchshores.com/fiction-all/science-fiction/where-things-may-lead/,Cosmic Roots and Eldritch Shores,cosmicrootsandeldritchshores.com
q51nJzamQ6LwAd8Bk75+maffg68=,Pumpkin Riders,Steve Oden,2018-12-01,https://cosmicrootsandeldritchshores.com/fiction-all/fantasy/pumpkin-riders/,Cosmic Roots and Eldritch Shores,cosmicrootsandeldritchshores.com
+Cql3HJ2FrraBkdI7Z/6+6kWQwY=,Liqeni i Zi,Corey Mallonee,2018-03-20,https://cosmicrootsandeldritchshores.com/fiction-all/fantasy/liqeni-i-zi/,Cosmic Roots and Eldritch Shores,cosmicrootsandeldritchshores.com
H7bU102iTYFj04O1i6/QAFeRV7Y=,Fruits of Victory,By Jonathan Shipley,2017-01-01,https://cosmicrootsandeldritchshores.com/fiction-all/myths-legends-and-fairy-tales/fruits-of-victory/,Cosmic Roots and Eldritch Shores,cosmicrootsandeldritchshores.com
2eqA++oWwkbf/OyElU8F3stCVVo=,The Glanconer,The Glanconer,2017-08-01,https://cosmicrootsandeldritchshores.com/fiction-all/eldritch/the-glanconer/,Cosmic Roots and Eldritch Shores,cosmicrootsandeldritchshores.com
xEB5NijKh56bhnKHvtIm2kDZvZM=,Weatherbuns,Diana Hauer,2015-10-01,https://cosmicrootsandeldritchshores.com/fiction-all/science-fiction/weatherbuns/,Cosmic Roots and Eldritch Shores,cosmicrootsandeldritchshores.com
wcFob+tzHgI1ToaAN7ZHto9cPAY=,Glory Whales,Marc A. Criley,2015-10-01,https://cosmicrootsandeldritchshores.com/fiction-all/science-fiction/glory-whales/,Cosmic Roots and Eldritch Shores,cosmicrootsandeldritchshores.com
GB8CM0vkx3apY+R2fzF1PYp2kKc=,Reality Show,Brian K. Lowe,2015-10-01,https://cosmicrootsandeldritchshores.com/fiction-all/science-fiction/reality-show/,Cosmic Roots and Eldritch Shores,cosmicrootsandeldritchshores.com
n0gB62oyu0Taf5k0GfL9Ptf5gvM=,Up Sticks,Liam Hogan,2018-12-01,https://cosmicrootsandeldritchshores.com/fiction-all/fantasy/up-sticks/,Cosmic Roots and Eldritch Shores,cosmicrootsandeldritchshores.com
QIyP0WgN+ajo4jc7OUx4xEOC/sE=,Watchers,David A. Gray,2017-12-01,https://cosmicrootsandeldritchshores.com/fiction-all/science-fiction/watchers/,Cosmic Roots and Eldritch Shores,cosmicrootsandeldritchshores.com
950I6iur9XjnFKIXiguNGCbbCzM=,The Sandwich Shack,Patrick Hurley,2018-09-01,https://cosmicrootsandeldritchshores.com/fiction-all/eldritch/the-sandwich-shack/,Cosmic Roots and Eldritch Shores,cosmicrootsandeldritchshores.com
ffYNj6ncuOjSh/3c1Ls6rxgHK4w=,Tomorrow Is a Difficult Proposition,Kris Bowser,2018-12-01,https://cosmicrootsandeldritchshores.com/fiction-all/science-fiction/tomorrow-is-a-difficult-proposition/,Cosmic Roots and Eldritch Shores,cosmicrootsandeldritchshores.com
G9Q8WzJX9HMzIBAjjxD3X9DFuJk=,Spicer’s Modest Success,Jared VanDyke,2018-11-01,https://cosmicrootsandeldritchshores.com/fiction-all/science-fiction/spicers-modest-success/,Cosmic Roots and Eldritch Shores,cosmicrootsandeldritchshores.com
sS3EqKcyG0NnAMdfeYekZUN1fkc=,The King’s Computer,Liam Hogan,2010-01-01,https://cosmicrootsandeldritchshores.com/fiction-all/fantasy/the-kings-computer/,Cosmic Roots and Eldritch Shores,cosmicrootsandeldritchshores.com
VbOUkNY62vM49jAEmHOYN+XMeNo=,Word From Home,Mark Rookyard,2016-10-01,https://cosmicrootsandeldritchshores.com/fiction-all/science-fiction/word-from-home/,Cosmic Roots and Eldritch Shores,cosmicrootsandeldritchshores.com
XyGvvE1mG7SDR/wtiHX2XlPYk+M=,The Moon Fox,Amy Fontaine,2017-11-01,https://cosmicrootsandeldritchshores.com/fiction-all/stories-for-young-people-from-4-to-400/the-moon-fox/,Cosmic Roots and Eldritch Shores,cosmicrootsandeldritchshores.com
SRNcKJoNyz3gwYLSsP+h+bGWcwU=,"Ghost Blue, Ghost Red",Malda Marlys,2015-10-01,https://cosmicrootsandeldritchshores.com/fiction-all/fantasy/ghost-blue-ghost-red/,Cosmic Roots and Eldritch Shores,cosmicrootsandeldritchshores.com
6AYuWwyObOzD0c/MVd1iaX6FRTM=,Hima,Sam Muller,2018-06-01,https://cosmicrootsandeldritchshores.com/fiction-all/myths-legends-and-fairy-tales/hima/,Cosmic Roots and Eldritch Shores,cosmicrootsandeldritchshores.com
Re6DJE3SaI24rQVdVk4kl1WPAX8=,The Stork and the Crone,Barbara A. Barnett,2017-07-01,https://cosmicrootsandeldritchshores.com/fiction-all/stories-for-young-people-from-4-to-400/the-stork-and-the-crone/,Cosmic Roots and Eldritch Shores,cosmicrootsandeldritchshores.com
/wZUFBf72WQDhNRfhqsLg9dcP4Q=,Mobius,by Elian Crane,2016-09-01,https://cosmicrootsandeldritchshores.com/fiction-all/science-fiction/mobius/,Cosmic Roots and Eldritch Shores,cosmicrootsandeldritchshores.com
3QoyFzRRIZUC5yeVGIoGL01Aruc=,Auto Draft,H.B. Stonebridge,2015-10-01,https://cosmicrootsandeldritchshores.com/fiction-all/myths-legends-and-fairy-tales/auto-draft/,Cosmic Roots and Eldritch Shores,cosmicrootsandeldritchshores.com
lCP5Zq5eVIESnaMtKzNOHy/ODTM=,The Memory Bank and Trust,Patrick Hurley,2018-12-01,https://cosmicrootsandeldritchshores.com/fiction-all/fantasy/the-memory-bank-and-trust/,Cosmic Roots and Eldritch Shores,cosmicrootsandeldritchshores.com
t7OvoX7QdsD7fBNQMpDU/d6/Hos=,Tea and Sanctuaries,Hannah Montine,2018-12-01,https://cosmicrootsandeldritchshores.com/fiction-all/stories-for-young-people-from-4-to-400/tea-and-sanctuaries/,Cosmic Roots and Eldritch Shores,cosmicrootsandeldritchshores.com
CYknn+w8T3blulxfZ1hkucj44E0=,Presto Change-O,Warren Brown,2018-12-01,https://cosmicrootsandeldritchshores.com/fiction-all/science-fiction/presto-change-o/,Cosmic Roots and Eldritch Shores,cosmicrootsandeldritchshores.com
GKJF7dI1pE+N309Y+ghwLbgd05g=,The Rental Heart,by Kirsty Logan,2016-05-01,https://cosmicrootsandeldritchshores.com/fiction-all/eldritch/the-rental-heart/,Cosmic Roots and Eldritch Shores,cosmicrootsandeldritchshores.com
G+pt5mBAgGKvnG5F1nMo9DVlPXs=,Estevan of the Children,E.E. King,2018-10-01,https://cosmicrootsandeldritchshores.com/fiction-all/eldritch/estevan-of-the-children/,Cosmic Roots and Eldritch Shores,cosmicrootsandeldritchshores.com
zoZ0FcLiiit6tBgWdW7X1QDL1tw=,Up Sticks,Liam Hogan,2018-12-01,https://cosmicrootsandeldritchshores.com/fiction-all/fantasy/up-sticks/,Cosmic Roots and Eldritch Shores,cosmicrootsandeldritchshores.com
Cnz9dvS3b25cuYPVJqocDvd2NO0=,The Witching Hour,Ekpeki Oghenechovwe Donald,2018-04-01,https://cosmicrootsandeldritchshores.com/fiction-all/myths-legends-and-fairy-tales/the-witching-hour/,Cosmic Roots and Eldritch Shores,cosmicrootsandeldritchshores.com
E0mx+GzUsY5DJlb61aBCeitR8uQ=,Cat and Mouse,L.C. Brown,2018-05-01,https://cosmicrootsandeldritchshores.com/fiction-all/fantasy/catandmouse/,Cosmic Roots and Eldritch Shores,cosmicrootsandeldritchshores.com
6X1OvJRgQX4U9gQkv12uTtO2R1U=,Time Trial,by Liam Hogan,2016-09-01,https://cosmicrootsandeldritchshores.com/fiction-all/science-fiction/time-trial/,Cosmic Roots and Eldritch Shores,cosmicrootsandeldritchshores.com
VZWUA8aJjZTJT204o7xUpVlijcY=,Hima,Sam Muller,2018-06-01,https://cosmicrootsandeldritchshores.com/fiction-all/myths-legends-and-fairy-tales/hima/,Cosmic Roots and Eldritch Shores,cosmicrootsandeldritchshores.com
RWEvo4xTxd+Mq/r8i8MpnskU2BQ=,Cloud Tower,Ian Pohl,2015-10-01,https://cosmicrootsandeldritchshores.com/fiction-all/fantasy/cloud-tower/,Cosmic Roots and Eldritch Shores,cosmicrootsandeldritchshores.com
rS+FNydtzZph/BeLDWBDMcA7VP0=,When I Close My Eyes,Chris Barnham,2018-12-01,https://cosmicrootsandeldritchshores.com/fiction-all/science-fiction/when-i-close-my-eyes/,Cosmic Roots and Eldritch Shores,cosmicrootsandeldritchshores.com
0iXeewtZtoJWLKS1cG0Go9KzKPs=,Down in the Deepflux,Jake West,2010-01-01,https://cosmicrootsandeldritchshores.com/fiction-all/science-fiction/down-in-the-deepflux/,Cosmic Roots and Eldritch Shores,cosmicrootsandeldritchshores.com
G7/yVls1aFigwq7dBRCnOYSsC+c=,Liqeni i Zi,Corey Mallonee,2018-03-20,https://cosmicrootsandeldritchshores.com/fiction-all/fantasy/liqeni-i-zi/,Cosmic Roots and Eldritch Shores,cosmicrootsandeldritchshores.com
/uhoNGMbZUjBX+1aBFybVPh16Q0=,Skinchanger,Eduardo Frajman,2016-06-01,https://cosmicrootsandeldritchshores.com/fiction-all/fantasy/skinchanger/,Cosmic Roots and Eldritch Shores,cosmicrootsandeldritchshores.com
lSs8CZ+aHsx1+O4SmM3dAX8ivnQ=,Yemoja,Simbiat Haroun,2018-12-01,https://cosmicrootsandeldritchshores.com/fiction-all/fantasy/yemoja/,Cosmic Roots and Eldritch Shores,cosmicrootsandeldritchshores.com
WNxEP6/Zx0mO3v/A/+vTLIN9JJA=,Negotiations,Matthew J. Streett,2015-10-01,https://cosmicrootsandeldritchshores.com/fiction-all/science-fiction/negotiations/,Cosmic Roots and Eldritch Shores,cosmicrootsandeldritchshores.com
OyXFDC5BvZdAwL0+h3N8EgA49BQ=,Reality Show,Brian K. Lowe,2015-10-01,https://cosmicrootsandeldritchshores.com/fiction-all/science-fiction/reality-show/,Cosmic Roots and Eldritch Shores,cosmicrootsandeldritchshores.com
NG5Sh1bfGzk0mwmSa9jNEwOLDJ4=,Wild Ships,Phoebe Wagner,2015-10-01,https://cosmicrootsandeldritchshores.com/fiction-all/science-fiction/wild-ships/,Cosmic Roots and Eldritch Shores,cosmicrootsandeldritchshores.com
SFoEB0/ICvhksgqo0KnXMKLAVYk=,The Noisy World Before the Doors,Melion Traverse,2017-09-01,https://cosmicrootsandeldritchshores.com/fiction-all/stories-for-young-people-from-4-to-400/noisy-world-before-the-doors/,Cosmic Roots and Eldritch Shores,cosmicrootsandeldritchshores.com
AKHjDpRHq4PvcCwnXspM088vndE=,The Wendigo,I,2016-01-01,https://cosmicrootsandeldritchshores.com/fiction-all/eldritch/the-wendigo/,Cosmic Roots and Eldritch Shores,cosmicrootsandeldritchshores.com
Qw6Ngzz2sPLhpvLuU3A6WQRirIE=,Zephyr’s Fair Child,Scott J. Couturier,2018-12-01,https://cosmicrootsandeldritchshores.com/fiction-all/fantasy/zephyrs-fair-child/,Cosmic Roots and Eldritch Shores,cosmicrootsandeldritchshores.com
kPcx/Tw91yRnuYSrkf6kTAC0cEg=,This Ends in Violence or It Never Ends,Michael Ray,2018-12-01,https://cosmicrootsandeldritchshores.com/fiction-all/science-fiction/this-ends-in-violence-or/,Cosmic Roots and Eldritch Shores,cosmicrootsandeldritchshores.com
7z2iohVzRNR7OrcwHFbTCutI+l0=,Repo Priest,Joel E. Roosa,2017-03-01,https://cosmicrootsandeldritchshores.com/fiction-all/fantasy/repo-priest/,Cosmic Roots and Eldritch Shores,cosmicrootsandeldritchshores.com
ABC4ZKE1apXgQUY1Pm8E3q92V5g=,Red Planit,Joel E. Roosa,2015-10-01,https://cosmicrootsandeldritchshores.com/fiction-all/science-fiction/red-planit/,Cosmic Roots and Eldritch Shores,cosmicrootsandeldritchshores.com
ovioXSln3XenkxJejvrUIW8VMd0=,Mister Bob,Dan Campbell,2016-05-01,https://cosmicrootsandeldritchshores.com/fiction-all/science-fiction/mister-bob/,Cosmic Roots and Eldritch Shores,cosmicrootsandeldritchshores.com
CNoi/E2PehxYSGtFij0kNj7jYAI=,Auto Draft,Glenn Lyvers,2018-12-01,https://cosmicrootsandeldritchshores.com/fiction-all/fantasy/auto-draft/,Cosmic Roots and Eldritch Shores,cosmicrootsandeldritchshores.com
gTuYb8JRnN20bmlDty4B4LTbZqQ=,Godmother Death,By Kate O’Connor,2014-04-09,https://cosmicrootsandeldritchshores.com/fiction-all/myths-legends-and-fairy-tales/godmother-death/,Cosmic Roots and Eldritch Shores,cosmicrootsandeldritchshores.com
gf6TXWnA5BHDxDnDU8TX+4zmUPU=,Estevan of the Children,E.E. King,2018-10-01,https://cosmicrootsandeldritchshores.com/fiction-all/eldritch/estevan-of-the-children/,Cosmic Roots and Eldritch Shores,cosmicrootsandeldritchshores.com
QTe8xPx2gjTwbnnbKTMwZqUCbRo=,Ijs,Door Diana Silver,2015-10-01,https://cosmicrootsandeldritchshores.com/fiction-all/eldritch/ijs/,Cosmic Roots and Eldritch Shores,cosmicrootsandeldritchshores.com
FQCvlSQYOW4m5dgmqgta+0tJnME=,Spicer’s Modest Success,Jared VanDyke,2018-11-01,https://cosmicrootsandeldritchshores.com/fiction-all/science-fiction/spicers-modest-success/,Cosmic Roots and Eldritch Shores,cosmicrootsandeldritchshores.com
CjLL/zqqMWIc7RJzeuR+vAqLOyU=,The Magpie of Souls,David Tallerman,2016-03-01,https://cosmicrootsandeldritchshores.com/fiction-all/fantasy/magpie-of-souls/,Cosmic Roots and Eldritch Shores,cosmicrootsandeldritchshores.com
yRPVxjYWGyADmfVunG1HmSyRCF4=,Red Crows,Innocent Chizaram Ilo,2018-12-01,https://cosmicrootsandeldritchshores.com/fiction-all/eldritch/red-crows/,Cosmic Roots and Eldritch Shores,cosmicrootsandeldritchshores.com
12LhC+ukt3B6GlcOu8H5wWbqlvU=,My Heart Is a Prayer,Ryan Row,2015-10-01,https://cosmicrootsandeldritchshores.com/fiction-all/eldritch/my-heart-is-a-prayer/,Cosmic Roots and Eldritch Shores,cosmicrootsandeldritchshores.com
PTD2ZV4kmE5Xc/J1AU+ccw0y/NI=,"Life, Or Something Like It",J. Michael Neal,2015-10-01,https://cosmicrootsandeldritchshores.com/fiction-all/science-fiction/life-or-something-like-it/,Cosmic Roots and Eldritch Shores,cosmicrootsandeldritchshores.com
kBtpxaXTm0qpJxn4jp7AKgAT0TU=,The Glanconer,The Glanconer,2017-08-01,https://cosmicrootsandeldritchshores.com/fiction-all/eldritch/the-glanconer/,Cosmic Roots and Eldritch Shores,cosmicrootsandeldritchshores.com
GpdBrG2uuF8RBh09DD04pxyxZUk=,"Ghost Blue, Ghost Red",Malda Marlys,2015-10-01,https://cosmicrootsandeldritchshores.com/fiction-all/fantasy/ghost-blue-ghost-red/,Cosmic Roots and Eldritch Shores,cosmicrootsandeldritchshores.com
wVPoPTfVKuWmL8wAZQ3eCyzFmwE=,Red Planit,Joel E. Roosa,2015-10-01,https://cosmicrootsandeldritchshores.com/fiction-all/science-fiction/red-planit/,Cosmic Roots and Eldritch Shores,cosmicrootsandeldritchshores.com
wdAbp0mk2bYxeWhI6x12UpSDzJU=,The Clockwork Sky,by Alexandra Davydova,2016-02-01,https://cosmicrootsandeldritchshores.com/fiction-all/eldritch/the-clockwork-sky/,Cosmic Roots and Eldritch Shores,cosmicrootsandeldritchshores.com
zpGvxW1qBrXVdyqlAEx6anWHumc=,Where Things May Lead,Barbara Krasnoff,2018-12-01,https://cosmicrootsandeldritchshores.com/fiction-all/science-fiction/where-things-may-lead/,Cosmic Roots and Eldritch Shores,cosmicrootsandeldritchshores.com
Cgx67jxr7YS9ow3PVL6eGy6eMpg=,Still Life,Adam Stemple,2018-12-01,https://cosmicrootsandeldritchshores.com/fiction-all/eldritch/still-life/,Cosmic Roots and Eldritch Shores,cosmicrootsandeldritchshores.com
2gfO7jNqPPedXom/eFn619cojLo=,Down in the Deepflux,Jake West,2010-01-01,https://cosmicrootsandeldritchshores.com/fiction-all/science-fiction/down-in-the-deepflux/,Cosmic Roots and Eldritch Shores,cosmicrootsandeldritchshores.com
09XBTI3/+NnL0U/oAYaN89qVoUI=,The Waiting Shade,Casey Laine,2018-12-01,https://cosmicrootsandeldritchshores.com/fiction-all/fantasy/the-waiting-shade/,Cosmic Roots and Eldritch Shores,cosmicrootsandeldritchshores.com
0mw/m0+f3zxRgEYzkZ1x7E4NOaY=,A Walk in the Sun,"Perhaps Sanjiv might have done better, if he’d been alive. Trish had done the best she could. All things considered, it was a far better landing than she had any right to expect.",2016-01-01,https://cosmicrootsandeldritchshores.com/fiction-all/science-fiction/walk-in-the-sun/,Cosmic Roots and Eldritch Shores,cosmicrootsandeldritchshores.com
xtD+OTD3Zx/fuEry/84nrAP3iNI=,Sea Full of Stars,Siobhan Gallagher,2016-11-01,https://cosmicrootsandeldritchshores.com/fiction-all/stories-for-young-people-from-4-to-400/sea-full-of-stars/,Cosmic Roots and Eldritch Shores,cosmicrootsandeldritchshores.com
Hb9gX44g/Cz6noXaEsR6st8w+Bc=,How Your Mother Killed me,♥,2016-07-01,https://cosmicrootsandeldritchshores.com/fiction-all/science-fiction/how-your-mother-killed-me/,Cosmic Roots and Eldritch Shores,cosmicrootsandeldritchshores.com
lVGHO0uWegH2ESNqKFp/yBpwyuw=,Home is the Sailor,Brenda W. Clough,2018-12-01,https://cosmicrootsandeldritchshores.com/fiction-all/myths-legends-and-fairy-tales/home-is-the-sailor/,Cosmic Roots and Eldritch Shores,cosmicrootsandeldritchshores.com
DUFYHaFiIjwvQ24OQsKzKh3PMl4=,The Noisy World Before the Doors,Melion Traverse,2017-09-01,https://cosmicrootsandeldritchshores.com/fiction-all/stories-for-young-people-from-4-to-400/noisy-world-before-the-doors/,Cosmic Roots and Eldritch Shores,cosmicrootsandeldritchshores.com
DX8WtXUkfY+pVrljxxENNczMFVA=,"The Water Buffalo, the Wanderer, and the Prince",Sam Muller,2018-12-01,https://cosmicrootsandeldritchshores.com/fiction-all/stories-for-young-people-from-4-to-400/water-buffalo-et-al/,Cosmic Roots and Eldritch Shores,cosmicrootsandeldritchshores.com
2W3heA5X/hVm+TlUorJx8lr/48s=,One Good Turn…,Alan K. Baker,2018-12-01,https://cosmicrootsandeldritchshores.com/fiction-all/science-fiction/one-good-turn/,Cosmic Roots and Eldritch Shores,cosmicrootsandeldritchshores.com
fiHNtCjfTx5Ikf3MebL2nRFvIpA=,The Omaha Zephyr,Terri Karsten,2015-10-01,https://cosmicrootsandeldritchshores.com/fiction-all/eldritch/the-omaha-zephyr/,Cosmic Roots and Eldritch Shores,cosmicrootsandeldritchshores.com
kExIjXESXpR+M7+FfqBg3zovZDg=,Zephyr’s Fair Child,Scott J. Couturier,2018-12-01,https://cosmicrootsandeldritchshores.com/fiction-all/fantasy/zephyrs-fair-child/,Cosmic Roots and Eldritch Shores,cosmicrootsandeldritchshores.com
F94sQtQBF/Myk8oxk78kDG4Q9sQ=,The Moon Fox,Amy Fontaine,2017-11-01,https://cosmicrootsandeldritchshores.com/fiction-all/stories-for-young-people-from-4-to-400/the-moon-fox/,Cosmic Roots and Eldritch Shores,cosmicrootsandeldritchshores.com
p1umMGDucEllwYTB0KXQIRZ+Q/g=,Hunters of the Dead,Laurie Tom,2015-10-01,https://cosmicrootsandeldritchshores.com/fiction-all/fantasy/hunters-of-the-dead/,Cosmic Roots and Eldritch Shores,cosmicrootsandeldritchshores.com
L+BF7ZtuZEKbZ/5Z8ZE+5GLP4Mc=,The Lady and the Moon,"Ella raced up the forest path and dropped her armful of branches and twigs in the firepit. Granddad was still a ways down the hill, his creaky legs making him slow, so Ella lay down at the cliff’s edge, where the long grass tickled her chin. The salty summer wind blew her hair into twists like rope as she looked out over the sea. Small white clouds floated beneath her, skimming over the surface of the water, their tops picked out in copper by the setting sun.",2010-01-01,https://cosmicrootsandeldritchshores.com/fiction-all/stories-for-young-people-from-4-to-400/the-lady-and-the-moon/,Cosmic Roots and Eldritch Shores,cosmicrootsandeldritchshores.com
SpImn+XwehkEBCdp0MQ2QKGw7AY=,The Mountain Farmer’s Bootlace,David Sklar,2016-03-01,https://cosmicrootsandeldritchshores.com/fiction-all/stories-for-young-people-from-4-to-400/mountain-farmers-bootlace/,Cosmic Roots and Eldritch Shores,cosmicrootsandeldritchshores.com
Xp5eWgBds2CUP2mZfoOi2njiN1A=,King of Flame,Janie Brunson,2015-10-01,https://cosmicrootsandeldritchshores.com/fiction-all/fantasy/king-of-flame/,Cosmic Roots and Eldritch Shores,cosmicrootsandeldritchshores.com
1FE+GN5xVvIML5dGd9xkeFePOvs=,Ghosts of Bunker Seven,Derrick Boden,2015-10-01,https://cosmicrootsandeldritchshores.com/fiction-all/science-fiction/ghosts-of-bunker-seven/,Cosmic Roots and Eldritch Shores,cosmicrootsandeldritchshores.com
i59r2JKJwdkYrX6nK/SWpxYoo3Q=,Pumpkin Riders,Steve Oden,2018-12-01,https://cosmicrootsandeldritchshores.com/fiction-all/fantasy/pumpkin-riders/,Cosmic Roots and Eldritch Shores,cosmicrootsandeldritchshores.com
bx7CNeXWsMXqsopS9xYhaBfbufk=,Red Crows,Innocent Chizaram Ilo,2018-12-01,https://cosmicrootsandeldritchshores.com/fiction-all/eldritch/red-crows/,Cosmic Roots and Eldritch Shores,cosmicrootsandeldritchshores.com
JG80XCdKmjriKUfgGghoM5GA4cY=,Sheila Slinkypaw,and the Penguin,2016-12-01,https://cosmicrootsandeldritchshores.com/fiction-all/eldritch/sheila-slinkypaw/,Cosmic Roots and Eldritch Shores,cosmicrootsandeldritchshores.com
K8gaFCjXs21a8mO/D6t/pziXj9A=,Crow Born,“Do you understand me?”,2018-12-01,https://cosmicrootsandeldritchshores.com/fiction-all/fantasy/crow-born/,Cosmic Roots and Eldritch Shores,cosmicrootsandeldritchshores.com
As3woKyuMgaU/G44FGMGdPXo8Bs=,Maggoty Meg Flies Up the Mountain,Jonathan Lenore Kastin,2018-12-01,https://cosmicrootsandeldritchshores.com/fiction-all/fantasy/maggoty-meg-flies-up-the-mountain/,Cosmic Roots and Eldritch Shores,cosmicrootsandeldritchshores.com
qA2mLCNnUec22qipEVK7j+F9hLU=,The Icy Breath of Enceladus,The Icy Breath Of Enceladus,2017-08-01,https://cosmicrootsandeldritchshores.com/fiction-all/science-fiction/the-icy-breath-of-enceladus/,Cosmic Roots and Eldritch Shores,cosmicrootsandeldritchshores.com
y4ApWEGzQvbr0n5BpVyr/2Y0nok=,On Rising One Snowy Evening,by Karen Bovenmyer,2016-12-01,https://cosmicrootsandeldritchshores.com/fiction-all/fantasy/on-rising-one-snowy-evening/,Cosmic Roots and Eldritch Shores,cosmicrootsandeldritchshores.com
JmSfcFBCG+CrgfonBd6qtcBk9Fk=,The Ice Angel of Leningrad,"This story is dedicated to and inspired by my grandmother, who",2018-12-01,https://cosmicrootsandeldritchshores.com/fiction-all/fantasy/the-ice-angel-of-leningrad/,Cosmic Roots and Eldritch Shores,cosmicrootsandeldritchshores.com
CXUqdhKqG2FffLlGx3QK6y6raxA=,Sweeter Than Lead,Benjamin C. Kinney,2017-04-01,https://cosmicrootsandeldritchshores.com/fiction-all/fantasy/sweeter-than-lead/,Cosmic Roots and Eldritch Shores,cosmicrootsandeldritchshores.com
l8YLzicKuPlYKkNu9CQxVYW3xfU=,Hollows,Emmett Schlenz,2017-03-01,https://cosmicrootsandeldritchshores.com/fiction-all/eldritch/hollows/,Cosmic Roots and Eldritch Shores,cosmicrootsandeldritchshores.com
5E8T27SQBmLeER/hLUTQ8rynQ+0=,Mistress Molly and Krell,Jared VanDyke,2017-06-01,https://cosmicrootsandeldritchshores.com/fiction-all/science-fiction/mistress-molly-and-krell/,Cosmic Roots and Eldritch Shores,cosmicrootsandeldritchshores.com
AKk19mo0SH26b+DwnEl/5HnpD8Q=,What Fools These Immortals Be,Evan Dicken,2017-08-01,https://cosmicrootsandeldritchshores.com/fiction-all/fantasy/what-fools-these-immortals-be/,Cosmic Roots and Eldritch Shores,cosmicrootsandeldritchshores.com
/niy6qIbtUcQn+mpByo1F5L1XsU=,Tea and Sanctuaries,Hannah Montine,2018-12-01,https://cosmicrootsandeldritchshores.com/fiction-all/stories-for-young-people-from-4-to-400/tea-and-sanctuaries/,Cosmic Roots and Eldritch Shores,cosmicrootsandeldritchshores.com
96LDK94EIBzHvTDRklMgEuCoGcc=,Conspiracy in Theory and Practice,Mike Reeves-McMillan,2015-10-01,https://cosmicrootsandeldritchshores.com/fiction-all/fantasy/conspiracy-in-theory-and-practice/,Cosmic Roots and Eldritch Shores,cosmicrootsandeldritchshores.com
cTEtdcCRxrzDpqqtU1dVebh5T2g=,The Icy Breath of Enceladus,The Icy Breath Of Enceladus,2017-08-01,https://cosmicrootsandeldritchshores.com/fiction-all/science-fiction/the-icy-breath-of-enceladus/,Cosmic Roots and Eldritch Shores,cosmicrootsandeldritchshores.com
s6xZUIqfraa/Dxc1a3IOgNQ8V+g=,Love Potion,Anne E.G. Nydam,2015-10-01,https://cosmicrootsandeldritchshores.com/fiction-all/fantasy/love-potion/,Cosmic Roots and Eldritch Shores,cosmicrootsandeldritchshores.com
bayxsrqV5fnu49iZpDGcupvttvY=,With the Taste of Oblivion in Her Mouth,by M. E. Garber,2015-10-01,https://cosmicrootsandeldritchshores.com/fiction-all/science-fiction/taste-of-oblivion/,Cosmic Roots and Eldritch Shores,cosmicrootsandeldritchshores.com
XD9h23IHtLGcE6hKc0kAcJzKE70=,A Witch’s Junk Drawer,Rebecca Buchanan,2018-12-01,https://cosmicrootsandeldritchshores.com/fiction-all/fantasy/a-witchs-junk-drawer/,Cosmic Roots and Eldritch Shores,cosmicrootsandeldritchshores.com
4ri/eUvnxwf4rin4T1+rhOFHzHI=,Cat and Mouse,L.C. Brown,2018-05-01,https://cosmicrootsandeldritchshores.com/fiction-all/fantasy/catandmouse/,Cosmic Roots and Eldritch Shores,cosmicrootsandeldritchshores.com
mHd41WpBr+ywdWpg68pKK2JlR0s=,Presto Change-O,Warren Brown,2018-12-01,https://cosmicrootsandeldritchshores.com/fiction-all/science-fiction/presto-change-o/,Cosmic Roots and Eldritch Shores,cosmicrootsandeldritchshores.com
GWY9Fqgqwny86cQ+C2tcPSC184U=,Painting Clouds,A. Merc Rustad,2015-10-01,https://cosmicrootsandeldritchshores.com/fiction-all/science-fiction/painting-clouds/,Cosmic Roots and Eldritch Shores,cosmicrootsandeldritchshores.com
6WvVyUU4xsTPPW1A4r4nNOAid5M=,Cosmic Roots And Eldritch Shores,The Trial of St. George,2015-10-01,https://cosmicrootsandeldritchshores.com/fiction-all/fantasy/the-trial-of-st-george/,Cosmic Roots and Eldritch Shores,cosmicrootsandeldritchshores.com
R5TQguB5FszW7spihPcw60v8MFE=,One Good Turn…,Alan K. Baker,2018-12-01,https://cosmicrootsandeldritchshores.com/fiction-all/science-fiction/one-good-turn/,Cosmic Roots and Eldritch Shores,cosmicrootsandeldritchshores.com
ctjxCf/uLS7Zyg3d4a6JfXnIFfM=,Where the Gods Went,J. Drake,2018-07-01,https://cosmicrootsandeldritchshores.com/fiction-all/science-fiction/where-the-gods-went/,Cosmic Roots and Eldritch Shores,cosmicrootsandeldritchshores.com
Vi/YcW6KvdOqMEth7QJZwDXlaPA=,Yemoja,Simbiat Haroun,2018-12-01,https://cosmicrootsandeldritchshores.com/fiction-all/fantasy/yemoja/,Cosmic Roots and Eldritch Shores,cosmicrootsandeldritchshores.com
0zD4klTIeDFjxc17IKIYitXeNJ0=,A Walk in the Sun,"Perhaps Sanjiv might have done better, if he’d been alive. Trish had done the best she could. All things considered, it was a far better landing than she had any right to expect.",2016-01-01,https://cosmicrootsandeldritchshores.com/fiction-all/science-fiction/walk-in-the-sun/,Cosmic Roots and Eldritch Shores,cosmicrootsandeldritchshores.com
9/SNJo4MuhUY+45WXSCSn9UYTNc=,Auto Draft,Glenn Lyvers,2018-12-01,https://cosmicrootsandeldritchshores.com/fiction-all/fantasy/auto-draft/,Cosmic Roots and Eldritch Shores,cosmicrootsandeldritchshores.com
uF6dwheInw0h8K7mm1F2s2tLd0w=,The Book of Winter,Caroline Friedel,2018-12-23,https://cosmicrootsandeldritchshores.com/fiction-all/stories-for-young-people-from-4-to-400/the-book-of-winter/,Cosmic Roots and Eldritch Shores,cosmicrootsandeldritchshores.com
EBkhWv5EpKOJH2givZQTehQhKRU=,Watchers,David A. Gray,2017-12-01,https://cosmicrootsandeldritchshores.com/fiction-all/science-fiction/watchers/,Cosmic Roots and Eldritch Shores,cosmicrootsandeldritchshores.com
MMo8gwSLzXiQMl/nBbjHkkCDjWU=,The King’s Computer,Liam Hogan,2010-01-01,https://cosmicrootsandeldritchshores.com/fiction-all/fantasy/the-kings-computer/,Cosmic Roots and Eldritch Shores,cosmicrootsandeldritchshores.com
WvoxzqITCv25rCtClsCgrBrCtpo=,Tyrian Purple,T. R. Frazier,2018-12-01,https://cosmicrootsandeldritchshores.com/fiction-all/myths-legends-and-fairy-tales/tyrian-purple/,Cosmic Roots and Eldritch Shores,cosmicrootsandeldritchshores.com
WyPLgZC51+RGuWHOFUJJ9x0nLmM=,"Gatekeeper, What Toll?",Mike Reeves-McMillan,2016-06-01,https://cosmicrootsandeldritchshores.com/fiction-all/fantasy/gatekeeper-what-toll/,Cosmic Roots and Eldritch Shores,cosmicrootsandeldritchshores.com
tFP7Kx9FGlEtvyhmx3MqtFEFJGA=,Cosmic Roots And Eldritch Shores,Andrew Jensen,2015-10-01,https://cosmicrootsandeldritchshores.com/fiction-all/fantasy/the-trial-of-st-george/,Cosmic Roots and Eldritch Shores,cosmicrootsandeldritchshores.com
NRzDqvaL8hlrWMLKtfrXcgpqgxY=,Revolution Days,Gary Kloster,2017-12-01,https://cosmicrootsandeldritchshores.com/fiction-all/fantasy/revolution-days/,Cosmic Roots and Eldritch Shores,cosmicrootsandeldritchshores.com
MpS/f2P1OwEeUYC+n7nl1OYjX/4=,What Fools These Immortals Be,Evan Dicken,2017-08-01,https://cosmicrootsandeldritchshores.com/fiction-all/fantasy/what-fools-these-immortals-be/,Cosmic Roots and Eldritch Shores,cosmicrootsandeldritchshores.com
fvb1UTJ/togTb8bEayMPLd1uCuA=,When I Close My Eyes,Chris Barnham,2018-12-01,https://cosmicrootsandeldritchshores.com/fiction-all/science-fiction/when-i-close-my-eyes/,Cosmic Roots and Eldritch Shores,cosmicrootsandeldritchshores.com
dppbWXwN/7i6PJnUxCVpkI9xZ7w=,The Shadows Left Behind,Ian Pohl,2015-10-01,https://cosmicrootsandeldritchshores.com/fiction-all/fantasy/the-shadows-left-behind/,Cosmic Roots and Eldritch Shores,cosmicrootsandeldritchshores.com
18DbzntBxeQaZTxwJs7gX9svC/4=,Where the Gods Went,J. Drake,2018-07-01,https://cosmicrootsandeldritchshores.com/fiction-all/science-fiction/where-the-gods-went/,Cosmic Roots and Eldritch Shores,cosmicrootsandeldritchshores.com
dyCo6V+zHxSWoFqQZW8Ns4N3kPM=,Tryst,by Brian K. Lowe,2010-01-01,https://cosmicrootsandeldritchshores.com/fiction-all/eldritch/tryst/,Cosmic Roots and Eldritch Shores,cosmicrootsandeldritchshores.com
Py10fUDmVSytCMybsMg70rAPbvM=,A Possession of Magpies,E.E. King,2016-03-01,https://cosmicrootsandeldritchshores.com/fiction-all/eldritch/a-possession-of-magpies/,Cosmic Roots and Eldritch Shores,cosmicrootsandeldritchshores.com
imNauGDPM271IM87c0/DoVC6Yqg=,Sweeter Than Lead,Benjamin C. Kinney,2017-04-01,https://cosmicrootsandeldritchshores.com/fiction-all/fantasy/sweeter-than-lead/,Cosmic Roots and Eldritch Shores,cosmicrootsandeldritchshores.com
oZpvlGuA6yJAJ+35yRVCa2YA/sw=,ШЕСТЕРЁНКИ,Давыдова Александра,2016-02-01,https://cosmicrootsandeldritchshores.com/fiction-all/eldritch/%d1%88%d0%b5%d1%81%d1%82%d0%b5%d1%80%d1%91%d0%bd%d0%ba%d0%b8/,Cosmic Roots and Eldritch Shores,cosmicrootsandeldritchshores.com
1U84Y6InSp134cj9T3RHm1dob2Q=,Entanglement,Christopher Blake,2018-12-01,https://cosmicrootsandeldritchshores.com/fiction-all/science-fiction/entanglement/,Cosmic Roots and Eldritch Shores,cosmicrootsandeldritchshores.com
Iq84urQki+GDlLwY25FHpL85H2w=,Cloud Tower,Ian Pohl,2015-10-01,https://cosmicrootsandeldritchshores.com/fiction-all/fantasy/cloud-tower/,Cosmic Roots and Eldritch Shores,cosmicrootsandeldritchshores.com
Ge8QbGLuAhWKNp21csm3h1AArGg=,With the Breath of His Bare Hands,Tyra Tanner,2016-01-01,https://cosmicrootsandeldritchshores.com/fiction-all/fantasy/with-the-breath-of-his-bare-hands/,Cosmic Roots and Eldritch Shores,cosmicrootsandeldritchshores.com