fingerprint,title,author,date,categories,tags,id,license,comments,source,hostname,source-hostname,excerpt,filename,has_text
y4ntvbRTmOuagbdLtT0ZM42n3w8=,Joshua Told the Children to Shout,Amanda Baldeneaux,2022-07-01,,,,,,https://www.bourbonpenn.com/issue/27/joshua-told-the-children-to-shout-by-amanda-baldeneaux,bourbonpenn.com,Bourbon Penn,,./scrape/jsonfiles/jPQtnKd37p8ajJqJ5tR0-vK4U-w.json,TRUE
/3LbKHXtrUaq1/icFrG1hUGObwQ=,Blue,Amy Parker,2017-04-01,,,,,,https://www.bourbonpenn.com/issue/13/blue-by-amy-parker,bourbonpenn.com,Bourbon Penn,,./scrape/jsonfiles/nATZcUdb6qWCA3BggqJ1vV4Tl2A.json,TRUE
gfC3xXEIk96Q2U58r5PsM2ehBeo=,Extreme Medicine,Linda Peer,2013-01-01,,,,,,https://www.bourbonpenn.com/issue/6/extreme-medicine-by-linda-peer,bourbonpenn.com,Bourbon Penn,,./scrape/jsonfiles/WAAx1b7Wxi3QtnF-qIJqI74ZnhU.json,TRUE
QoyzFCDUCdC79OAEsGro2wrWyIs=,That House,Simon Strantzas,2021-11-24,,,,,,https://www.bourbonpenn.com/issue/25/that-house-by-simon-strantzas,bourbonpenn.com,Bourbon Penn,,./scrape/jsonfiles/mwFfXZL5Bl-tHagC6+9FyL-xdI0.json,TRUE
Wr+vWD0wYcvvsGYDOh2j7ubKj+Y=,Sounds Like Forever,Josh Rountree,2022-07-01,,,,,,https://www.bourbonpenn.com/issue/27/sounds-like-forever-by-josh-rountree,bourbonpenn.com,Bourbon Penn,,./scrape/jsonfiles/333pvqvpYAEPPeG1t4irmn9iwZw.json,TRUE
wJe6NhURAY5fj1pNUVqUiWFb6aI=,When You Stop Seeing Ghosts,Sam Rebelein,2021-07-20,,,,,,https://www.bourbonpenn.com/issue/24/when-you-stop-seeing-ghosts-by-sam-rebelein,bourbonpenn.com,Bourbon Penn,,./scrape/jsonfiles/fOuocaleJHp5IuZuOqrbUHo1UOk.json,TRUE
8gwtXs39oiKXvuqbxtX+muVIRRU=,Song for the Unravelling of the World,Brian Evenson,2018-03-01,,,,,,https://www.bourbonpenn.com/issue/15/song-for-the-unravelling-of-the-world-by-brian-evenson,bourbonpenn.com,Bourbon Penn,,./scrape/jsonfiles/WrHdo-aOziAy+BK3R1DcH4z5-mo.json,TRUE
pv1ztA0MVoLG97XKbbLSNknOnWw=,Further Findings on the Cults Surrounding Gerald White's Chair,Wyatt Robinette,2013-11-01,,,,,,https://www.bourbonpenn.com/issue/8/gerald-whites-chair-by-wyatt-robinette,bourbonpenn.com,Bourbon Penn,,./scrape/jsonfiles/1Svl9xY-lDOyCqIRMCBTXfRrPu4.json,TRUE
hcgtzJ8bcPj+s7l927Q5zbGyvcI=,The Old Ones of the DMV,Chloe Smith,2023-03-01,,,,,,https://www.bourbonpenn.com/issue/29/the-old-ones-of-the-dmv-by-chloe-smith,bourbonpenn.com,Bourbon Penn,,./scrape/jsonfiles/IrgLvUn7+vRWjFrt6DVfd9RqnRE.json,TRUE
/qdZvlGAAnjLylbvLy0d4zCYSRI=,Cylinder,Joseph Auslander Jr.,2011-02-01,,,,,,https://www.bourbonpenn.com/issue/1/cylinder-by-joseph-auslander-jr,bourbonpenn.com,Bourbon Penn,,./scrape/jsonfiles/cDp76edvZoYejKg8YMLtSO+qXSw.json,TRUE
x3/McSPeUl2d+oZla+0jjYZb8Po=,The Rainbow Gun,H. Andrew Lynch,2015-03-01,,,,,,https://www.bourbonpenn.com/issue/10/the-rainbow-gun-by-h-andrew-lynch,bourbonpenn.com,Bourbon Penn,,./scrape/jsonfiles/ULde5YJ5QjpdMyxuBDanaMlIcmA.json,TRUE
i2biJOzqVEYWc7jQgiQhFSLmX40=,Consumer Testing,John Greenwood,2013-05-01,,,,,,https://www.bourbonpenn.com/issue/7/consumer-testing-by-john-greenwood,bourbonpenn.com,Bourbon Penn,,./scrape/jsonfiles/3reji9vMNsg4Tq15S43i4EwzYNo.json,TRUE
P+4Az5enNQsHx0FECbSxqdEhHNk=,Dust & Bone,Michael McGlade,2017-04-01,,,,,,,bourbonpenn.com,Bourbon Penn,,./scrape/jsonfiles/VThW8DzW3y3S9QKaI1fNa5APVdY.json,TRUE
sgxUj6zn/IGs64WftLj/nC7cdW8=,Black Hole Elvis,Nikita Andester,2022-02-22,,,,,,https://www.bourbonpenn.com/issue/26/black-hole-elvis-by-nikita-andester,bourbonpenn.com,Bourbon Penn,,./scrape/jsonfiles/EyT2OugreiRSE4siYJg0vjA+AmE.json,TRUE
PKzkb/hCildeG5HRQzIOKIqBd3k=,The Lonelyhearts Study,Julia Rocchi,2018-11-01,,,,,,https://www.bourbonpenn.com/issue/16/the-lonelyhearts-study-by-julia-rocchi,bourbonpenn.com,Bourbon Penn,,./scrape/jsonfiles/Ma67l8u9lwnbMSc6PAFeSlfIUvg.json,TRUE
PpZaPUe3s8arsXTs7DH0PBv+oYM=,Quiet Heaven,Charles Wilkinson,2021-07-20,,,,,,https://www.bourbonpenn.com/issue/24/quiet-heaven-by-charles-wilkinson,bourbonpenn.com,Bourbon Penn,,./scrape/jsonfiles/3ewOZp2XCOpy0SikZeMPBwL5698.json,TRUE
pHe1MROkrvA227PnZret6Tb6c/A=,Scrubbed,Rich Larson,2019-07-01,,,,,,https://www.bourbonpenn.com/issue/18/scrubbed-by-rich-larson,bourbonpenn.com,Bourbon Penn,,./scrape/jsonfiles/xczDSlQtz34yzPOFdXJF2EzhWs8.json,TRUE
Dwa8XZyXNk1NKnX+MFKpCcpvknc=,The Stranger,Tim Frank,2011-02-01,,,,,,https://www.bourbonpenn.com/issue/1/the-stranger-by-tim-frank,bourbonpenn.com,Bourbon Penn,,./scrape/jsonfiles/MKnLHxocODHxFsl3rRDV6SY-Q3Q.json,TRUE
MxSexEr+S/G2kdS80ZuI/7VL/I8=,We Aren’t Violent People,E.C. Barrett,2020-03-01,,,,,,https://www.bourbonpenn.com/issue/20/we-arent-violent-people-by-ec-barrett,bourbonpenn.com,Bourbon Penn,,./scrape/jsonfiles/UJ0cjv4ummv8U+pbaf0S5fwVBy8.json,TRUE
r58NTvauC8IyP0lWzVX3sd2FdFY=,Raising Water Girl,Emily C. Skaftun,2022-10-23,,,,,,https://www.bourbonpenn.com/issue/28/raising-water-girl-by-emily-c-skaftun,bourbonpenn.com,Bourbon Penn,,./scrape/jsonfiles/Kk00gCytLilkZswgaRZoZg1Sokw.json,TRUE
Z5Qw/q9lqqvIDKJxGnE2PPBPypA=,Short Straw,Jay Wilburn,2016-04-01,,,,,,https://www.bourbonpenn.com/issue/11/short-straw-by-jay-wilburn,bourbonpenn.com,Bourbon Penn,,./scrape/jsonfiles/oVwoEbrQ5F8b1Pee957qzY8tvKU.json,TRUE
cEv7Q+YhZnkCcRgZ8ap9mrVmLuI=,Hoo Hoo,Camilla Grudova,2018-11-01,,,,,,https://www.bourbonpenn.com/issue/16/hoo-hoo-by-camilla-grudova,bourbonpenn.com,Bourbon Penn,,./scrape/jsonfiles/9+5aNJZ1SP+7DG+WTqsGj2QfnQI.json,TRUE
T66u03ra+PV0m6pli8W20SxIcto=,The Hungry Eye,Chip Houser,2021-03-16,,,,,,https://www.bourbonpenn.com/issue/23/the-hungry-eye-by-chip-houser,bourbonpenn.com,Bourbon Penn,,./scrape/jsonfiles/5d7+eB+VocoypwlxGMUEqCIjr9Q.json,TRUE
huc5r4d67nKkODLmbHeybTnEkRQ=,Appearing Nightly,Gregory Norman Bossert,2021-11-24,,,,,,https://www.bourbonpenn.com/issue/25/appearing-nightly-by-gregory-norman-bossert,bourbonpenn.com,Bourbon Penn,,./scrape/jsonfiles/OWEVFq5Xh-VB9GDnBi0yxfoPGV4.json,TRUE
5m2la4xBFW5542EDZVz9rB0GnEQ=,The Immaterialists,Charles Wilkinson,2019-03-01,,,,,,https://www.bourbonpenn.com/issue/17/the-immaterialists-by-charles-wilkinson,bourbonpenn.com,Bourbon Penn,,./scrape/jsonfiles/3QFIIdIjkSYUfDqlKG1xoJ9TKb8.json,TRUE
7kCor8/D8AOLMaUC3Kf+Ot0tkuY=,The Barrel,Holly Day,2013-05-01,,,,,,https://www.bourbonpenn.com/issue/7/the-barrel-by-holly-day,bourbonpenn.com,Bourbon Penn,,./scrape/jsonfiles/KYXpq8Vqvm83AETBIDpiph1hz4o.json,TRUE
cRY4faIpye4RRvysIC+Zg7I0VR8=,Bug Spray,Santino DeFranco,2017-04-01,,,,,,https://www.bourbonpenn.com/issue/13/bug-spray-by-santino-defranco,bourbonpenn.com,Bourbon Penn,,./scrape/jsonfiles/FzVXPLaaXSvb1qM7LA2qvqv7D6k.json,TRUE
iY7zXNm29SWS1yS8dELrAuSk2Ec=,Disappearer,Jason Baltazar,2020-07-01,,,,,,https://www.bourbonpenn.com/issue/21/disappearer-by-jason-baltazar,bourbonpenn.com,Bourbon Penn,,./scrape/jsonfiles/uEUAozLOkct+HA9S-NMXBGYg7DE.json,TRUE
wYBE3S52WiQ3xL0eILF/pWIOh6w=,On Snowflake-veined Wings,Chip Houser,2022-10-23,,,,,,https://www.bourbonpenn.com/issue/28/on-snowflake-veined-wings-by-chip-houser,bourbonpenn.com,Bourbon Penn,,./scrape/jsonfiles/uj5fehrwHLPchkL1ggmurGzLpBQ.json,TRUE
O+P98SbgSti1airo66hhc2iTisM=,The Upstairs Neighbors,erin lee damron,2011-06-01,,,,,,https://www.bourbonpenn.com/issue/2/the-upstairs-neighbors-by-erin-lee-damron,bourbonpenn.com,Bourbon Penn,,./scrape/jsonfiles/X+j1NpMTQ2ssInNuo9WAxlxd3ZU.json,TRUE
60pKLclLFXwjKcN6Ye62u8dvjEs=,Carousel,Addy Evenson,2013-11-01,,,,,,https://www.bourbonpenn.com/issue/8/carousel-by-addy-evenson,bourbonpenn.com,Bourbon Penn,,./scrape/jsonfiles/wK1kRR5urma2pAkyj4V0EGm9V9c.json,TRUE
a5OPMON3DTZNt0PDkmCnpgOyIN4=,Day of the Creamsicles,Don Raymond,2012-09-01,,,,,,https://www.bourbonpenn.com/issue/5/day-of-the-creamsicles-by-don-raymond,bourbonpenn.com,Bourbon Penn,,./scrape/jsonfiles/JyAg414V+prNESPdAUJ4W1De2po.json,TRUE
nZF1hoQ4CQsfx2lZoVhrd8rza2E=,Play Devil,Josh Pearce,2022-07-01,,Locus Magazine,,,,https://www.bourbonpenn.com/issue/27/play-devil-by-josh-pearce,bourbonpenn.com,Bourbon Penn,,./scrape/jsonfiles/T0dn-c4noOL7gF7lTGSUDACnAV4.json,TRUE
4I9Ln7tNMNRD9P59UxvODYInS5I=,Bristle,Emily C. Skaftun,2020-11-10,,,,,,https://www.bourbonpenn.com/issue/22/bristle-by-emily-c-skaftun,bourbonpenn.com,Bourbon Penn,,./scrape/jsonfiles/puTb085SyLLslD9St+AM-faqczw.json,TRUE
8oaIIyXe0nswV2Eli3N7YBky8fk=,Beata Beatrix,Rebecca Schwarz,2013-11-01,,,,,,https://www.bourbonpenn.com/issue/8/beata-beatrix-by-rebecca-schwarz,bourbonpenn.com,Bourbon Penn,,./scrape/jsonfiles/GDdiOnUXmbmP+ZMzEntO02m5VRw.json,TRUE
y+FXhdzuIxDhTT1rrPfWSFT2dmk=,The World Without Watercress,Charles Wilkinson,2015-03-01,,,,,,https://www.bourbonpenn.com/issue/10/the-world-without-watercress-by-charles-wilkinson,bourbonpenn.com,Bourbon Penn,,./scrape/jsonfiles/jAO6WnikouNKYOhhCHX+e8Qr8+0.json,TRUE
p/PxoLKs+YBLUBm6ueCR9swhCn8=,Sometimes Things Are True,Chris Kammerud,2018-03-01,,,,,,https://www.bourbonpenn.com/issue/15/sometimes-things-are-true-by-chris-kammerud,bourbonpenn.com,Bourbon Penn,,./scrape/jsonfiles/LqMz-TSMSlp8ypDnlf-MEmvHe8U.json,TRUE
DX5DdJUGe0Xd27kEwnKFvUEtttc=,Rituals,Hamdy Elgammal,2019-03-01,,,,,,https://www.bourbonpenn.com/issue/17/rituals-by-hamdy-elgammal,bourbonpenn.com,Bourbon Penn,,./scrape/jsonfiles/yXAy3BP1Q0-vmBr45N9xnjKMF7c.json,TRUE
M+nxREm6W7OAvS1OBXBxLTTPpCg=,The Ghost of Zefort,M.C. Williams,2018-11-01,,,,,,https://www.bourbonpenn.com/issue/16/the_ghost_of_zefort_by_m_c_williams,bourbonpenn.com,Bourbon Penn,,./scrape/jsonfiles/nN+zgFOcKGC3DF8DEuCHYZtGhx4.json,TRUE
VQI/iQARddPiMc8WO7nrVG1Tg1w=,Constellation Burn,Josh Rountree,2023-03-01,,,,,,https://www.bourbonpenn.com/issue/29/constellation-burn-by-josh-rountree,bourbonpenn.com,Bourbon Penn,,./scrape/jsonfiles/9y03GOo+CRmAhdgHXMB25M8FjoE.json,TRUE
O8xAmTdZCd8JjBEp1mzmuN+6qfI=,My Name is Ellie,Sam Rebelein,2019-07-01,,,,,,https://www.bourbonpenn.com/issue/18/my-name-is-ellie-by-sam-rebelein,bourbonpenn.com,Bourbon Penn,,./scrape/jsonfiles/ZX-rpAGbLjqlB0jjNqLcoUH0Ffk.json,TRUE
xZbXy4+lDwv8CyX6mdQl1BEhdw8=,"On the Hills, the Knitters",Steve Toase,2022-02-22,,,,,,https://www.bourbonpenn.com/issue/26/on-the-hills-the-knitters-by-steve-toase,bourbonpenn.com,Bourbon Penn,,./scrape/jsonfiles/d2p2Ex5Ue2Ta1Rw8V-A1-XkroEE.json,TRUE
X3xWZbOgZ0dw1q9dDOFpbm1svh4=,The License Plate Game,Samantha Henderson,2011-11-01,,,,,,https://www.bourbonpenn.com/issue/3/the-license-plate-game-by-samantha-henderson,bourbonpenn.com,Bourbon Penn,,./scrape/jsonfiles/X-lVd7hDslvDq7RgGvLB39ZrZFw.json,TRUE
wy9PM9Dug/wrAOgyeOj5I8+rtTY=,The Further Shore,J. Ashley Smith,2018-03-01,,,,,,https://www.bourbonpenn.com/issue/15/the-further-shore-by-j-ashley-smith,bourbonpenn.com,Bourbon Penn,,./scrape/jsonfiles/Uakb3qurSgfruObQ8FcVEF606JE.json,TRUE
Q/dj7myITvRVAyD8Xx2ieMVjj5U=,Smile,William Basso,2019-03-01,,,,,,https://www.bourbonpenn.com/issue/17/cover-art-smile-by-william-basso,bourbonpenn.com,Bourbon Penn,,./scrape/jsonfiles/hucdv9yPKF0Q8VW1-ZbRwcUJbj8.json,TRUE
k1CNtUoIDZjEHxECHpvJ/qYFXBM=,Failure’s Not an Option,Michelle Ann King,2017-09-01,,,,,,https://www.bourbonpenn.com/issue/14/failures-not-an-option-by-michelle-ann-king,bourbonpenn.com,Bourbon Penn,,./scrape/jsonfiles/r7EnF-tykAwEUt5bVLGHLcTFXYk.json,TRUE
BOgghlzFRpFQceis34zyru9wOIY=,Faded Dreams of Division Street,Wayne Allen Sallee,2012-09-01,,,,,,https://www.bourbonpenn.com/issue/5/faded-dreams-of-division-street-by-wayne-allen-sallee,bourbonpenn.com,Bourbon Penn,,./scrape/jsonfiles/RVkC0Ks6dUF8yj5YaD20EWqqSBo.json,TRUE
4RlUzE9iGE/tCmTXQClaLO2dN2Q=,Season of the Hyssop,H. Andrew Lynch,2017-09-01,,,,,,https://www.bourbonpenn.com/issue/14/season-of-the-hyssop-by-h-andrew-lynch,bourbonpenn.com,Bourbon Penn,,./scrape/jsonfiles/wSZeSp5UkCBnScJhQFhKAKEUaoA.json,TRUE
qpvBnZHzyMoglzOAt3SBruURFPc=,The House of Spades and Sorrows,Gretchen Tessmer,2020-11-10,,,,,,https://www.bourbonpenn.com/issue/22/the-house-of-spades-and-sorrows-by-gretchen-tessmer,bourbonpenn.com,Bourbon Penn,,./scrape/jsonfiles/WrxHSbbu7+rkn2wqGgtjAamt87k.json,TRUE
tidgqQPFPvjRiXOC/aOPmKdDyTE=,Learn to Count With the Doomed Expedition,T. B. Jeremiah,2019-11-01,,,,,,https://www.bourbonpenn.com/issue/19/learn-to-count-with-the-doomed-expedition-by-t-b-jeremiah,bourbonpenn.com,Bourbon Penn,,./scrape/jsonfiles/ltzNCarq0asmO5g0Uws3OTApWB4.json,TRUE
ZSMyT5NRb7sgtKozor0UVLeSKDA=,March of the Kewpies,Ryder Collins,2011-02-01,,,,,,https://www.bourbonpenn.com/issue/1/march-of-the-kewpies-by-ryder-collins,bourbonpenn.com,Bourbon Penn,,./scrape/jsonfiles/xaziFfxU1p7l0H1YdzHduuOFGbI.json,TRUE
0WfKgpUmw6OiXJDvbQb92OO3hhE=,Dog,Holly Day,2016-04-01,,,,,,https://www.bourbonpenn.com/issue/11/dog-by-holly-day,bourbonpenn.com,Bourbon Penn,,./scrape/jsonfiles/q4P1-g+Ycvs1QiOt28Wd8HPujlQ.json,TRUE
nyltqI0RjlORcsf3Ky8XfpKGuHo=,Eleanora,Jess Koch,2022-07-01,,,,,,https://www.bourbonpenn.com/issue/27/eleanora-by-jess-koch,bourbonpenn.com,Bourbon Penn,,./scrape/jsonfiles/-KHiGhTXJKjtDbyYqggPF4iJuoU.json,TRUE
1G5UtHVGlq99X6nYMTUHzD6ByRw=,Blow Flies,Erin K. Wagner,2020-07-01,,,,,,https://www.bourbonpenn.com/issue/21/blow-flies-by-erin-k-wagner,bourbonpenn.com,Bourbon Penn,,./scrape/jsonfiles/f-68NhdAFu+OIfmlonDPf+gUlDw.json,TRUE
dkHYqGAiyK574YA3THHjIZtgcwk=,The Worst Breed of Vultures,Walter Dinjos,2016-11-01,,,,,,https://www.bourbonpenn.com/issue/12/the-worst-breed-of-vultures-by-walter-dinjos,bourbonpenn.com,Bourbon Penn,,./scrape/jsonfiles/4sBzgT9Es7j0agLLWGzRSUEF2gw.json,TRUE
rkJsbpolt8cUoRqxPigNHRYmyNA=,What Friends Don’t Tell Friends About Basements,Corey Farrenkopf,2020-11-10,,,,,,https://www.bourbonpenn.com/issue/22/what-friends-dont-tell-friends-about-basements-by-corey-farrenkopf,bourbonpenn.com,Bourbon Penn,,./scrape/jsonfiles/qragGuigT2MUECicvdCTc3X0zcU.json,TRUE
iPN5QhXCOfF7bhH7eLIC07K6LBY=,Exterminators,Dan Stintzi,2019-03-01,,,,,,https://www.bourbonpenn.com/issue/17/exterminators-by-dan-stintzi,bourbonpenn.com,Bourbon Penn,,./scrape/jsonfiles/Wz+lwstTH-7r29q9ddGt7HU540Y.json,TRUE
LKrFRn6CZWGzVfP7xt2QpIrtCXA=,Child,Beth Hull,2013-01-01,,,,,,https://www.bourbonpenn.com/issue/6/child-by-beth-hull,bourbonpenn.com,Bourbon Penn,,./scrape/jsonfiles/twP8PyYfSTY-kGDUeY8g6-G1gjo.json,TRUE
Uy6PKnhXE88ZE1PuKJa/w4t3yNk=,The Cure for Boyhood,Josh Rountree,2021-03-16,,,,,,https://www.bourbonpenn.com/issue/23/the-cure-for-boyhood-by-josh-rountree,bourbonpenn.com,Bourbon Penn,,./scrape/jsonfiles/pvmWmTG0PFJ-Yn5QK9oYRS5gM4U.json,TRUE
lRwF8WpwNgll+7QD3HmeWxUT/TE=,The Apartment,Camilla Grudova,2023-03-01,,,,,,https://www.bourbonpenn.com/issue/29/the-apartment-by-camilla-grudova,bourbonpenn.com,Bourbon Penn,,./scrape/jsonfiles/nCM32SmIdaPT2Q5GLx3p1XUwT0c.json,TRUE
gIz066V6r8yFm8QuNPDFBmVM2Ng=,The Hunt at Rotherdam,A.C. Wise,2021-07-20,,,,,,https://www.bourbonpenn.com/issue/24/the-hunt-at-rotherdam-by-a-c-wise,bourbonpenn.com,Bourbon Penn,,./scrape/jsonfiles/Sc80Bedo1To4+P1hA+i+gHW3GrI.json,TRUE
CWx01PDDpqxQrI/WnDhprWRsLj0=,In That Crumbling Home,Thomas Ha,2022-10-23,,,,,,https://www.bourbonpenn.com/issue/28/in-that-crumbling-home-by-thomas-ha,bourbonpenn.com,Bourbon Penn,,./scrape/jsonfiles/axHtIqYVCFOVhis916JbGlJKlKs.json,TRUE
I8tKHBAA7FBn5Xy+/wiGGnGj6Bc=,You Do Not Do,Sam Duda,2011-11-01,,,,,,https://www.bourbonpenn.com/issue/3/you-do-not-do-by-sam-duda,bourbonpenn.com,Bourbon Penn,,./scrape/jsonfiles/fitzDvZ6yu3QvAGP+uyM8JjIrdY.json,TRUE
G4KIMBIMt0ZK4XVp1cm8O7VhmQ4=,The Libby Syndrome,Craig Wallwork,2011-11-01,,,,,,https://www.bourbonpenn.com/issue/3/the-libby-syndrome-by-craig-wallwork,bourbonpenn.com,Bourbon Penn,,./scrape/jsonfiles/s+iwvYRDNeGHoEkndot2rJx1P60.json,TRUE
BRRvaipokGgGLNhuQbN3KCpK+Nc=,Ravenous Mermaids,Dawn Sperber,2019-03-01,,,,,,https://www.bourbonpenn.com/issue/17/ravenous-mermaids-by-dawn-sperber,bourbonpenn.com,Bourbon Penn,,./scrape/jsonfiles/rz3CtX0shQW5dM-ZtmsuStoZm0c.json,TRUE
1spJP14/ZN0yzoxhBaTluGXsKk8=,The Bloodletters,Brendan James Murray,2019-11-01,,,,,,https://www.bourbonpenn.com/issue/19/the-bloodletters-by-brendan-james-murray,bourbonpenn.com,Bourbon Penn,,./scrape/jsonfiles/yYL-4EmkVO5lGbOKX3OtSBRqISc.json,TRUE
ki6YLTT8IlyEnwROPjuPud6CqeQ=,The Belly and the Trees,Chelsea Sutton,2021-07-20,,,,,,https://www.bourbonpenn.com/issue/24/the-belly-and-the-trees-by-chelsea-sutton,bourbonpenn.com,Bourbon Penn,,./scrape/jsonfiles/qbatkwxv-ek1w5TP0yx6QNhuCMI.json,TRUE
bM2bP0CUGwovWHWl0iXdgIpDC+w=,A Happy Family,Nathaniel Tower,2011-02-01,,,,,,https://www.bourbonpenn.com/issue/1/a-happy-family-by-nathaniel-tower,bourbonpenn.com,Bourbon Penn,,./scrape/jsonfiles/pndRbDAfpu0rHT3HvcNykqzlKY0.json,TRUE
p5GX8StWUgZfqqxD8X6XJBgiPAY=,Lucky,Jeffrey Wooten,2012-09-01,,,,,,https://www.bourbonpenn.com/issue/5/lucky-by-jeffrey-wooten,bourbonpenn.com,Bourbon Penn,,./scrape/jsonfiles/BqMkka+fzJ+wDoGiAMMIhdz1gac.json,TRUE
MIqcM431FOspC01Gp4/MYQ4fFVU=,Upon Leaving the Candy Factory,Aaron Polson,2011-06-01,,,,,,https://www.bourbonpenn.com/issue/2/upon-leaving-the-candy-factory-by-aaron-polson,bourbonpenn.com,Bourbon Penn,,./scrape/jsonfiles/vX8UEl2GiJUuT1y8xUuFNi1JHdQ.json,TRUE
9b/jz6f73pI9gK8zTEscqMfOes4=,Ghosts in the Psycho-Surgical Transmutation Machine,Michelle Ann King,2020-11-10,,,,,,https://www.bourbonpenn.com/issue/22/ghosts-in-the-psycho-surgical-transmutation-machine-by-michelle-ann-king,bourbonpenn.com,Bourbon Penn,,./scrape/jsonfiles/q9z+PUc4CPleiIm1E6cxhKSzVj4.json,TRUE
0JdEsaABJ30l/RoEOLJyjXRbJpA=,Emptying the Bunkhouse,Vincent H. O’Neil,2020-03-01,,,,,,https://www.bourbonpenn.com/issue/20/emptying-the-bunkhouse-by-vincent-h-oneil,bourbonpenn.com,Bourbon Penn,,./scrape/jsonfiles/IXC2hCTFwdjau+3aANLKedvmFzw.json,TRUE
Nu0Q89mJkMbBAS7MR06RtOEePzA=,Rules for Sneaking Out at Night,Travis Schuhardt,2022-07-01,,,,,,https://www.bourbonpenn.com/issue/27/rules-for-sneaking-out-at-night-by-travis-schuhardt,bourbonpenn.com,Bourbon Penn,,./scrape/jsonfiles/IUuBTXlg10mnYrMZu2OtgPZwV4M.json,TRUE
P8uEgVS+NaAISf7gj6M7LSY7Gq0=,Orange Eyes,William Jablonsky,2021-03-16,,,,,,https://www.bourbonpenn.com/issue/23/orange-eyes-by-william-jablonsky,bourbonpenn.com,Bourbon Penn,,./scrape/jsonfiles/pQhWdCS+rPR+ybwvtWQfWJHXhsE.json,TRUE
UsGgGcibZFkARGX39fT60x24EHA=,Caretaker,Will Kaufman,2013-05-01,,,,,,https://www.bourbonpenn.com/issue/7/caretaker-by-will-kaufman,bourbonpenn.com,Bourbon Penn,,./scrape/jsonfiles/ezsr5y+fC2i+c+lXEbVqif8qeMg.json,TRUE
fajVGQ1lXeaeYAul+YbDEn8S5o8=,Jimmy,Valerie E. Polichar,2015-03-01,,,,,,https://www.bourbonpenn.com/issue/10/jimmy-by-valerie-e-polichar,bourbonpenn.com,Bourbon Penn,,./scrape/jsonfiles/yZodOpfNvRh9h+NpOwRrJuR27AU.json,TRUE
lAzB2HudcgKJT/K5bbd7bgLx9og=,The Haunting,Holly Day,2013-01-01,,,,,,https://www.bourbonpenn.com/issue/6/the-haunting-by-holly-day,bourbonpenn.com,Bourbon Penn,,./scrape/jsonfiles/fww17k9c4yylXYYIZW8roLrj2AM.json,TRUE
J8y0FcdT8C0dC8dkj17k1pe+HhI=,Good Night Moon,Rich Larson,2022-02-22,,,,,,https://www.bourbonpenn.com/issue/26/good-night-moon-by-rich-larson,bourbonpenn.com,Bourbon Penn,,./scrape/jsonfiles/KKVFjq2z99gKhdTZMSIpKeH2YR4.json,TRUE
IYlNnVXobtZoiFewSfCh5vf0zpg=,The Road Knows When a Journey is Over,George Sandison,2016-11-01,,,,,,https://www.bourbonpenn.com/issue/12/the-road-knows-when-a-journey-is-over-by-george-sandison,bourbonpenn.com,Bourbon Penn,,./scrape/jsonfiles/xMwU5sm0r+XR2RIHImXFuIrQL-Q.json,TRUE
DSqHoWOdFbPsFx6B9RQipNB6HJE=,Sealed With a Kiss,H. Pueyo,2022-02-22,,,,,,https://www.bourbonpenn.com/issue/26/sealed-with-a-kiss-by-h-pueyo,bourbonpenn.com,Bourbon Penn,,./scrape/jsonfiles/rwoGbsEmLUMO2WSMgw1a93MHSpY.json,TRUE
GGAo0vVtWf+8Iz+pOMxB9/J70+A=,A Blade of Love,Nathaniel Tower,2012-04-01,,,,,,https://www.bourbonpenn.com/issue/4/a-blade-of-love-by-nathaniel-tower,bourbonpenn.com,Bourbon Penn,,./scrape/jsonfiles/fjnN9bx8dhJeEheAA+E1Qv3sIqQ.json,TRUE
JEnfKMw1hN6g6qac7ldNplcEvHc=,Endless Art,Aliya Whiteley,2014-02-01,,,,,,https://www.bourbonpenn.com/issue/9/endless-art-by-aliya-whiteley,bourbonpenn.com,Bourbon Penn,,./scrape/jsonfiles/zL6Nby52KRkcQ9VimBB5zVU+FT8.json,TRUE
0Z3lh2tbp/wB/q2jFwZ239zU1dg=,Playing Dead,Joshua T. Anderson,2017-09-01,,,,,,https://www.bourbonpenn.com/issue/14/playing-dead-by-joshua-t-anderson,bourbonpenn.com,Bourbon Penn,,./scrape/jsonfiles/ZnVrHUG-KCnnW4Vd5HbfzRbK2zk.json,TRUE
t6+kwp0lgRPjfvbdAZIvuDSdEuY=,Innocence,Chris Kammerud,2022-10-23,,,,,,https://www.bourbonpenn.com/issue/28/innocence-by-chris-kammerud,bourbonpenn.com,Bourbon Penn,,./scrape/jsonfiles/Fq2tNPYQUrCSSP6JeFxlsCosPtI.json,TRUE
UH/yUVN4cz3QnPMB4w3G+pLbhpU=,Strangers and Friends,John Cooper Hamilton,2017-04-01,,,,,,https://www.bourbonpenn.com/issue/13/strangers-and-friends-by-john-cooper-hamilton,bourbonpenn.com,Bourbon Penn,,./scrape/jsonfiles/C6aCh1RDTOemIbge4mlDb-y0mP0.json,TRUE
SVLwus2VpbaAXyJr7Fc3N9ont7A=,The Truth Each Carried,E. Catherine Tobler,2021-11-24,,,,,,https://www.bourbonpenn.com/issue/25/the-truth-each-carried-by-e-catherine-tobler,bourbonpenn.com,Bourbon Penn,,./scrape/jsonfiles/qXtgqZWv49ULGV4BHiovj85oFqo.json,TRUE
aQbdi4QXd67WrYQNic9WNkLoVkY=,Body Language,Alex Aro,2013-01-01,,,,,,https://www.bourbonpenn.com/issue/6/body-language-by-alex-aro,bourbonpenn.com,Bourbon Penn,,./scrape/jsonfiles/NQYYgKmZttjp+vNLTSMy24IkLPA.json,TRUE
yZhwSFAw5e3bvzYDdjryEANEFr8=,Kill Me Again,Jessica Hilt,2013-01-01,,,,,,https://www.bourbonpenn.com/issue/6/kill-me-again-by-jessica-hilt,bourbonpenn.com,Bourbon Penn,,./scrape/jsonfiles/HwbzR3emxt8YjzlraYS5nf9JkAA.json,TRUE
jFRipdBGZdUJraBZ0er8PzS8W8Q=,Green,Mari Ness,2011-06-01,,,,,,https://www.bourbonpenn.com/issue/2/green-by-mari-ness,bourbonpenn.com,Bourbon Penn,,./scrape/jsonfiles/YoAg9VD+Lf-W5WkE8qTY45siX7M.json,TRUE
u5Xtt9wuIBrT+PkClp1R1FLc01g=,IRL,Reggie Mills,2018-11-01,,,,,,https://www.bourbonpenn.com/issue/16/irl-by-reggie-mills,bourbonpenn.com,Bourbon Penn,,./scrape/jsonfiles/rtbCNjmuVVo+qRCh2WvB1O54oN0.json,TRUE
sfLPJbqqsHDQ/kHFDbA6jyMxQK4=,If There May Be Ghosts,Matthew Olivas,2022-07-01,,,,,,https://www.bourbonpenn.com/issue/27/if-there-may-be-ghosts-by-matthew-olivas,bourbonpenn.com,Bourbon Penn,,./scrape/jsonfiles/TirWBwSffiA4oDkXZAzshynJFrE.json,TRUE
EW5FY6MciVlgmW8ibLzU52qaNTA=,The Unmitigated Destruction of Vance's Reader,Shamus Maxwell,2011-11-01,,,,,,https://www.bourbonpenn.com/issue/3/the-unmitigated-destruction-of-vances-reader-by-shamus-maxwell,bourbonpenn.com,Bourbon Penn,,./scrape/jsonfiles/YMfwZ33cL9HpsfuyvUkcVcJdw-0.json,TRUE
HoEB7OYk1zDhijUjheBlYXIFYLQ=,The Parts of a Shadow,Matthew Thomas Meade,2018-11-01,,,,,,https://www.bourbonpenn.com/issue/16/the-parts-of-a-shadow-by-matthew-thomas-meade,bourbonpenn.com,Bourbon Penn,,./scrape/jsonfiles/2l-MPDclAAmKHQiPfNJOEnFS5O0.json,TRUE
0XbKNgeF61g2HN6lI/gwB0A22tg=,My Own Damn Heaven,Mari Ness,2016-04-01,,,,,,https://www.bourbonpenn.com/issue/11/my-own-damn-heaven-by-mari-ness,bourbonpenn.com,Bourbon Penn,,./scrape/jsonfiles/da+vqeMz7j12qnwCiHY7sQTJBRY.json,TRUE
o7LwDuba5V5m3ipkomBkqFiYPyA=,The Suicide of Iara Teega,Marc Sorondo,2013-11-01,,,,,,https://www.bourbonpenn.com/issue/8/the-suicide-of-iara-teegan-by-marc-sorondo,bourbonpenn.com,Bourbon Penn,,./scrape/jsonfiles/BiFLnLNX0BLu6DwrkfZv9HeoGTQ.json,TRUE
tSjJ0Z1vp67aWbzrb/6gjjq7l20=,Rorschach,Carl Wilhoyte,2013-01-01,,,,,,https://www.bourbonpenn.com/issue/6/rorschach-by-carl-wilhoyte,bourbonpenn.com,Bourbon Penn,,./scrape/jsonfiles/1cyYaq42bTrFYwFlJNETROecs-Q.json,TRUE
OydDmpB8Q6Qyj4aEEGHIb2zGDhQ=,Smilers,Chip Houser,2020-03-01,,,,,,https://www.bourbonpenn.com/issue/20/smilers-by-chip-houser,bourbonpenn.com,Bourbon Penn,,./scrape/jsonfiles/gmlwBl15BOuaylZksdq7MfVJsuU.json,TRUE
yRaZUQjjbADjIXkL6QawCvK9728=,Mereá,Nancy Hightower,2012-04-01,,,,,,https://www.bourbonpenn.com/issue/4/merea-by-nancy-hightower,bourbonpenn.com,Bourbon Penn,,./scrape/jsonfiles/MN-3aK8NinICo554mH4MMsiFwWw.json,TRUE
1gZXiyKOMQ9T2KpMJKPDVhjGxbU=,Giving a Blood Transfusion to a Stone,Jonathan Plombon,2019-07-01,,,,,,https://www.bourbonpenn.com/issue/18/giving-a-blood-transfusion-to-a-stone-by-jonathan-plombon,bourbonpenn.com,Bourbon Penn,,./scrape/jsonfiles/9psJLbvWa38jSfgyOC-UL5ZKh0E.json,TRUE
ijNTCnVBe9HIj2hn5g3ys9xTOkM=,Patchwork,Maria Dones,2020-07-01,,,,,,https://www.bourbonpenn.com/issue/21/patchwork-by-maria-dones,bourbonpenn.com,Bourbon Penn,,./scrape/jsonfiles/MJT2Q5w5O6BX+4YIdAgg0HQ+7rE.json,TRUE
5Cm9TWqPXxZO48OrwDA+ppGpL1c=,Frog and Bells,John Herman,2016-04-01,,,,,,https://www.bourbonpenn.com/issue/11/frog-and-bells-by-john-herman,bourbonpenn.com,Bourbon Penn,,./scrape/jsonfiles/6MKv0WEnjumCK697DaUkXxyek2A.json,TRUE
AsRhPds2a5qwe1jm9OhQvgAx3oM=,A Song for Ocotillo,Kali Wallace,2019-03-01,,,,,,https://www.bourbonpenn.com/issue/17/a-song-for-ocotillo-by-kali-wallace,bourbonpenn.com,Bourbon Penn,,./scrape/jsonfiles/qp1iYyVk1VxfetgUcGnsElR5GF0.json,TRUE
sQGxq3cDlno2G/HG9vkTIPt1Bfw=,Carrion Coast Highway,Barton Aikman,2020-07-01,,,,,,https://www.bourbonpenn.com/issue/21/carrion-coast-highway-by-barton-aikman,bourbonpenn.com,Bourbon Penn,,./scrape/jsonfiles/Qqg7AJz2w-5XMfMARVJNt7yQaxE.json,TRUE
yyBzvXyBVw21pCdniWX5zetO0zg=,Amends,Andrew L. Roberts,2017-04-01,,,,,,https://www.bourbonpenn.com/issue/13/amends-by-andrew-l-roberts,bourbonpenn.com,Bourbon Penn,,./scrape/jsonfiles/XdQX+PcRPB4uM4PyBwbP-oJL27w.json,TRUE
HfpGzTqvvJzy/OmaddfH6cwK3RQ=,People Factory,Keith Dugger,2011-06-01,,,,,,https://www.bourbonpenn.com/issue/2/people-factory-by-keith-dugger,bourbonpenn.com,Bourbon Penn,,./scrape/jsonfiles/8MEBD3qDG57v+2pfe6aPIcDI580.json,TRUE
P7m7NpV3M7H/1hACVMdqm26D+8A=,Bound,Nancy Hightower,2014-02-01,,,,,,https://www.bourbonpenn.com/issue/9/bound-by-nancy-hightower,bourbonpenn.com,Bourbon Penn,,./scrape/jsonfiles/-v0EyjJhbj1gyJeITV9EBa9lUgs.json,TRUE
FigJVCi/wsbB72uOErGBTXJYwyU=,Esther,Michael Gardner,2021-07-20,,,,,,https://www.bourbonpenn.com/issue/24/esther-by-michael-gardner,bourbonpenn.com,Bourbon Penn,,./scrape/jsonfiles/p+VUPrmtyu97kRsxA3McvLJpz44.json,TRUE
1E5ISEEz16AGfGqS9mAH90VYdZU=,How to Host a Haunted House Murder Mystery Party,A.C. Wise,2016-11-01,,,,,,https://www.bourbonpenn.com/issue/12/haunted-house-murder-mystery-party-by-a-c-wise,bourbonpenn.com,Bourbon Penn,,./scrape/jsonfiles/NF5h1zopwxYhfIEMxMzUrv-dEMU.json,TRUE
A4xq9hOsOFrLOczk4D4F3OwIn+A=,Ars Moriendi,Matt Snell,2018-11-01,,,,,,https://www.bourbonpenn.com/issue/16/ars-moriendi-by-matt-snell,bourbonpenn.com,Bourbon Penn,,./scrape/jsonfiles/vjMpZcItuoecv8jVMjgHbiqSHAY.json,TRUE
jvSDrtQIBMLUKXfDuw2WcDOucbs=,Walking Dead,David Gould,2011-11-01,,,,,,https://www.bourbonpenn.com/issue/3/walking-dead-by-david-gould,bourbonpenn.com,Bourbon Penn,,./scrape/jsonfiles/6VujL2GKcoh3XG7-DepJQnqwYyY.json,TRUE
12SMNWXinykEQUmMpN1/y8qI7J4=,Everything You Were Looking For,Samantha Henderson,2012-09-01,,,,,,https://www.bourbonpenn.com/issue/5/everything-you-were-looking-for-by-samantha-henderson,bourbonpenn.com,Bourbon Penn,,./scrape/jsonfiles/0-9J9Mn9WodJWJSReGZQvos35xw.json,TRUE
u4zO92MZTBh92M5LAvUYpdf7PfY=,An Oracle,Gwendolyn Edward,2015-03-01,,,,,,https://www.bourbonpenn.com/issue/10/an-oracle-by-gwendolyn-edward,bourbonpenn.com,Bourbon Penn,,./scrape/jsonfiles/snSptM47IehhJ4c+XWwJtXhXooQ.json,TRUE
asaCXk08DACCUfCA2UZsMOj7FHs=,A Vacation Story,Hamdy Elgammal,2021-03-16,,,,,,https://www.bourbonpenn.com/issue/23/a-vacation-story-by-hamdy-elgammal,bourbonpenn.com,Bourbon Penn,,./scrape/jsonfiles/gl52Ovlr8R73mWNfhCgJ50uKuEk.json,TRUE
tRmNkzraUuGJxF9eK35y177yPYE=,Nightwood,Elana Gomel,2020-11-10,,,,,,https://www.bourbonpenn.com/issue/22/nightwood-by-elana-gomel,bourbonpenn.com,Bourbon Penn,,./scrape/jsonfiles/rzrpCpS4Gv0PNTm5DV53zyPyqaU.json,TRUE
iaWostd5QWQ/wbW0hFser8Cx47M=,The Rustic Ladder,Daniel Ausema,2012-09-01,,,,,,https://www.bourbonpenn.com/issue/5/the-rustic-ladder-by-daniel-ausema,bourbonpenn.com,Bourbon Penn,,./scrape/jsonfiles/+RdojV9Zxp-bdJm3-iMNXGAqTvw.json,TRUE
hFhP6DWv/fIcX0q5B7FiCK+swzM=,The Letter Hidden in the Alphabet,Daniel Ausema,2013-11-01,,,,,,https://www.bourbonpenn.com/issue/8/the-letter-hidden-in-the-alphabet-by-daniel-ausema,bourbonpenn.com,Bourbon Penn,,./scrape/jsonfiles/whFZhGVNhmGfo4BSBJ-pEmrG3+E.json,TRUE
Qbj3Wx1atp3A5IfpU+Vk6IXdBxY=,When We're Gone,Beth Hull,2014-02-01,,,,,,https://www.bourbonpenn.com/issue/9/when-we-re-gone-by-beth-hull,bourbonpenn.com,Bourbon Penn,,./scrape/jsonfiles/rRreVvLH1OWB+9cG0uJbkNfWaYE.json,TRUE
zPOFcF0fTpEgoMic1ezyJgRvnJc=,Jawbreaker,Sean Doolittle,2013-05-01,,,,,,https://www.bourbonpenn.com/issue/7/jawbreaker-by-sean-doolittle,bourbonpenn.com,Bourbon Penn,,./scrape/jsonfiles/M-fuZuk39zDKVXYCkREl825nRVg.json,TRUE
6BDhWKicLHBRJNo1uCs6d48GIG0=,White Noise,Gretchen Tessmer,2019-07-01,,,,,,https://www.bourbonpenn.com/issue/18/white-noise-by-gretchen-tessmer,bourbonpenn.com,Bourbon Penn,,./scrape/jsonfiles/JkclxWZ0WDkAh1zFissB1TJvAw8.json,TRUE
J1LI/nMhjA9YBVej71ETs0TXgag=,The Ant Singer,Benjamin Parzybok,2013-05-01,,,,,,https://www.bourbonpenn.com/issue/7/the-ant-singer-by-benjamin-parzybok,bourbonpenn.com,Bourbon Penn,,./scrape/jsonfiles/H2kwbJNVQMzAnSoKQEdhP+wUQhI.json,TRUE
P2vh+vqEbaacaIEzFjMD0FZf5hA=,Pearls,Priya Sharma,2012-04-01,,,,,,https://www.bourbonpenn.com/issue/4/pearls-by-priya-sharma,bourbonpenn.com,Bourbon Penn,,./scrape/jsonfiles/fv-WzCTGWiV0fAz+ul6vnlbvfiw.json,TRUE
KwzRkbZgVxE1FA7LwamEDLAMcjc=,The Secret Life,Chris White,2011-06-01,,,,,,https://www.bourbonpenn.com/issue/2/the-secret-life-by-chris-white,bourbonpenn.com,Bourbon Penn,,./scrape/jsonfiles/QdYkPqdIFjd7vn2XurygVtM8l3I.json,TRUE
YB0Z+kqJQ4ln2o5Cc3agtOupS/s=,Scenes from Monster Beach,Matthew Bey,2011-06-01,,,,,,https://www.bourbonpenn.com/issue/2/scenes-from-monster-beach-by-matthew-bey,bourbonpenn.com,Bourbon Penn,,./scrape/jsonfiles/Jhj-1pIzVye2GOo7Xp94gT7Jto0.json,TRUE
soZ3vYhLBCtCRZA/0bcrCKUd/Lc=,Crescendo,Chelsea Hanna Cohen,2020-03-01,,,,,,https://www.bourbonpenn.com/issue/20/crescendo-by-chelsea-hanna-cohen,bourbonpenn.com,Bourbon Penn,,./scrape/jsonfiles/cmNYpSoWZh-yfN5emscf16FL80o.json,TRUE
J5OfmqhWzClsVBghtceSvqKU0xI=,Jake’s Acre,William H. Wandless,2023-03-01,,,,,,https://www.bourbonpenn.com/issue/29/jakes-acre-by-william-h-wandless,bourbonpenn.com,Bourbon Penn,,./scrape/jsonfiles/xV37IGEoQYoIQnce+N62lO3q61Q.json,TRUE
q79GIZoW5DVFlwYczUs80CscLks=,Zombie Song,Derek Owens,2013-01-01,,,,,,https://www.bourbonpenn.com/issue/6/zombie-song-by-derek-owens,bourbonpenn.com,Bourbon Penn,,./scrape/jsonfiles/5Or+sCU+4PiIL1kb1gXuIZfTSjU.json,TRUE
/Gbbdt5Y176K9OBexzAiQ7slXrg=,Anthropophages Anonymous (AA),Anthony Panegyres,2021-11-24,,,,,,https://www.bourbonpenn.com/issue/25/anthropophages-anonymous-aa-by-anthony-panegyres,bourbonpenn.com,Bourbon Penn,,./scrape/jsonfiles/O+WFml8RdEqz2r2By24TiYaNS2E.json,TRUE
Vd15XyelGpbewIKENafvsFAoVqw=,The Front,Daniel Ausema,2016-11-01,,,,,,https://www.bourbonpenn.com/issue/12/the-front-by-daniel-ausema,bourbonpenn.com,Bourbon Penn,,./scrape/jsonfiles/jOeMgcyWQRgU+qL0X9yS8LRXlCc.json,TRUE
iHfBY5MYALB5dGwcj7E7nGNwYq0=,Where the Prayers Run Like Weeds Along the Road,Fred Coppersmith,2022-02-22,,,,,,https://www.bourbonpenn.com/issue/26/where-the-prayers-run-like-weeds-along-the-road-by-fred-coppersmith,bourbonpenn.com,Bourbon Penn,,./scrape/jsonfiles/7KJ9KDumBJWJw4qYMpUL-nAEWDo.json,TRUE
4uLhPUiqpgcF6redUlGih1g8wSM=,The Replacement,Mark Pantoja,2020-03-01,,,,,,https://www.bourbonpenn.com/issue/20/the-replacement-by-mark-pantoja,bourbonpenn.com,Bourbon Penn,,./scrape/jsonfiles/W2dVx6H9Pa3NMVSpF844RRdNtZk.json,TRUE
VCf3FQ+EeHJKFd2rpyISFTNKm4I=,"Seer of Visions, Eater of Glass",Jon P. Straface,2014-02-01,,,,,,https://www.bourbonpenn.com/issue/9/seer-of-visions-eater-of-glass-by-jon-p-straface,bourbonpenn.com,Bourbon Penn,,./scrape/jsonfiles/1TgI9lI7HWEESrf3AoazOo5v5OU.json,TRUE
NXSQ0WauKXR4iix3t78bEKeCoEg=,A Better Place,Jamie Schultz,2017-09-01,,,,,,https://www.bourbonpenn.com/issue/14/a-better-place-by-jamie-schultz,bourbonpenn.com,Bourbon Penn,,./scrape/jsonfiles/JgNeyXRAklOLUEdoNHH1xruj3eQ.json,TRUE
8VT1pmq122huFIurCzEKydZuGUo=,Intuition,Holly Day,2016-11-01,,,,,,https://www.bourbonpenn.com/issue/12/intuition-by-holly-day,bourbonpenn.com,Bourbon Penn,,./scrape/jsonfiles/wc4c7gL8PihrpEQeNT6UHYNSwSs.json,TRUE
DMM+zfXJ0b5lznVZfPdzWiOJeO8=,The Long Walk,R.D. Kimball,2011-11-01,,,,,,https://www.bourbonpenn.com/issue/3/the-long-walk-by-r-d-kimball,bourbonpenn.com,Bourbon Penn,,./scrape/jsonfiles/PGvcHGdaJgRBFMq2FNCwjBViw7I.json,TRUE
CvWb2FZa8+xSCK8VVfUQi1pT1AA=,Unnamed Government Agency,Josh Pearce,2020-07-01,,,,,,https://www.bourbonpenn.com/issue/21/unnamed-government-agency-by-josh-pearce,bourbonpenn.com,Bourbon Penn,,./scrape/jsonfiles/-Bq3c4PAu3rFLVbespOg5E0-U9I.json,TRUE
03/THguo4oLoq8N1XO4qH0xzmGY=,These are Juno’s First Words,Saul Lemerond,2019-07-01,,,,,,https://www.bourbonpenn.com/issue/18/these-are-junos-first-words-by-saul-lemerond,bourbonpenn.com,Bourbon Penn,,./scrape/jsonfiles/LkN06tLIQ8-HE+krByiQbJTXZio.json,TRUE
nzzyEyn4FzRRgpvcE3ETgO5YakM=,Fletcher Finds His Flight,Nathan Durfee,2017-04-01,,,,,,https://www.bourbonpenn.com/issue/13/cover-art-fletcher-finds-his-flight-by-nathan-durfee,bourbonpenn.com,Bourbon Penn,,./scrape/jsonfiles/PKY+qH0ZXScpfWKDfuCgkm+asXw.json,TRUE
IessANtRWF4kzO75KY2TbgrEt1s=,Swim Wants to Know If It's as Bad as Swim Thinks,Paul Tremblay,2013-11-01,,,,,,https://www.bourbonpenn.com/issue/8/swim-wants-to-know-by-paul-tremblay,bourbonpenn.com,Bourbon Penn,,./scrape/jsonfiles/6FuWksetqNeq1nxGeWycd-bqF-8.json,TRUE
LmRkk7hu9i1Ueobs4p9/WWcf9TE=,Each Time I Set Foot in That House,Jan Stinchcomb,2022-02-22,,,,,,https://www.bourbonpenn.com/issue/26/each-time-i-set-foot-in-that-house-by-jan-stinchcomb,bourbonpenn.com,Bourbon Penn,,./scrape/jsonfiles/XHUx2LYEAx685d+lCshC78oZVTE.json,TRUE
Va/c8BTjsznzjJ2KIluKmPz7w6w=,Girl Who Cried Flowers,Dylan Babb,2013-01-23,,,,,,https://www.bourbonpenn.com/issue/8/girl-who-cried-flowers-by-dylan-babb,bourbonpenn.com,Bourbon Penn,,./scrape/jsonfiles/oNwJFvOEZ7tz2OnjPzZkfqqUBig.json,TRUE
d4PiF+3ue73hOyhAdVFfpKqz+A0=,The Dead Are Not,Stephen Graham Jones,2014-02-01,,,,,,https://www.bourbonpenn.com/issue/9/the-dead-are-not-by-stephen-graham-jones,bourbonpenn.com,Bourbon Penn,,./scrape/jsonfiles/cawGHC7gq5pz3YIhSIh2EafY8Ik.json,TRUE
26GeRd3oNAQYyfgfI328SdzHBsM=,The Lawman’s Boy,Setsu Uzumé,2019-11-01,,,,,,https://www.bourbonpenn.com/issue/19/the-lawmans-boy-by-setsu-uzume,bourbonpenn.com,Bourbon Penn,,./scrape/jsonfiles/hgUrbjLtB1wPqLK51upxAkcye50.json,TRUE
EKzrsSFtai5GoT7axZHPbIGg2EU=,Strange Mechanisms,A.L. Rowser,2018-03-01,,,,,,https://www.bourbonpenn.com/issue/15/strange-mechanisms-by-a-l-rowser,bourbonpenn.com,Bourbon Penn,,./scrape/jsonfiles/AXD7wzYbFCgdrMcZn7LuQvWtZ-k.json,TRUE
WQGKj8BOhLVuP6i31KqS5mQj+6Q=,Polydactyl,Josh Pearce,2019-03-01,,,,,,https://www.bourbonpenn.com/issue/17/polydactyl-by-josh-pearce,bourbonpenn.com,Bourbon Penn,,./scrape/jsonfiles/XjDk1lm5xgN+c7UkesEMEXFTwaE.json,TRUE
eeNKbX2jRZP/zy1I374ufCJo/6o=,Electric Prayer Wheel,James Freetly,2013-05-01,,,,,,https://www.bourbonpenn.com/issue/7/electric-prayer-wheel-by-james-freetly,bourbonpenn.com,Bourbon Penn,,./scrape/jsonfiles/7RAN56hkB+araXajOuLNWpwLODU.json,TRUE
AxJuclZp513nWo7VzcjPtv6P7PE=,Soshiki,Andrew L. Roberts,2019-11-01,,,,,,https://www.bourbonpenn.com/issue/19/soshiki-by-andrew-l-roberts,bourbonpenn.com,Bourbon Penn,,./scrape/jsonfiles/IV85YvPZ7qI48wfLuquqe29kono.json,TRUE
JsBEOF6Z4FgluU7FKkkzw8jpnzg=,On That Time We Crossed,Sam Duda,2012-09-01,,,,,,https://www.bourbonpenn.com/issue/5/on-that-time-we-crossed-by-sam-duda,bourbonpenn.com,Bourbon Penn,,./scrape/jsonfiles/uquZsFgwXgzA2-obMDUXpuOC2ng.json,TRUE
RTP6gsYv9UoYm7oVSgdFkzY4l/Q=,Scales,Dona McCormack,2019-11-01,,,,,,https://www.bourbonpenn.com/issue/19/scales-by-dona-mccormack,bourbonpenn.com,Bourbon Penn,,./scrape/jsonfiles/4uRG-4xFQjIEIUVLLSJYWe3QdhQ.json,TRUE
2PfD/Lhj8+78q5OTBb7ofocgalU=,To Inherit Hunger,Crystal Lynn Hilbert,2020-07-01,,,,,,https://www.bourbonpenn.com/issue/21/to-inherit-hunger-by-crystal-lynn-hilbert,bourbonpenn.com,Bourbon Penn,,./scrape/jsonfiles/9ccSiL0R4p+jNY+Hv9hl2WZ3Mgo.json,TRUE
si/5n7AW5AFTWKDAw3FdsgnTGjE=,Born Blind,Jeffrey Ford,2022-10-23,,,,,,https://www.bourbonpenn.com/issue/28/born-blind-by-jeffrey-ford,bourbonpenn.com,Bourbon Penn,,./scrape/jsonfiles/3KGn0UdteDzLDj566jT9ySeajiM.json,TRUE
ntvOI7oah8gwc/J6R+osB1SHax4=,The Disappearing,Robert Bagnall,2022-07-01,,,,,,https://www.bourbonpenn.com/issue/27/the-disappearing-by-robert-bagnall,bourbonpenn.com,Bourbon Penn,,./scrape/jsonfiles/EbgGNpgHpNUV7m185sPDW1Oaj4g.json,TRUE
O74CankgKmiix9jLlIVL76TO0l4=,The Kool-Aid Stoppers,Elisa Abatsis,2020-03-01,,,,,,https://www.bourbonpenn.com/issue/20/the-kool-aid-stoppers-by-elisa-abatsis,bourbonpenn.com,Bourbon Penn,,./scrape/jsonfiles/3Vsz6vWsfI9-MFUelxaOUAjB1MU.json,TRUE
F+EVn0ldzeAbpfoxXoJJzLOSz+I=,In-Case-Of-Fire Shelf,Nicholas Siegel,2019-07-01,,,,,,https://www.bourbonpenn.com/issue/18/in-case-of-fire-shelf-by-nicholas-siegel,bourbonpenn.com,Bourbon Penn,,./scrape/jsonfiles/YwEbxP9lEkExPc6JDh6jl94Cw-8.json,TRUE
GTKEuS6L57JtHdKzmVxpQ4KUO9I=,Mosaic,Allie Kiri Mendelsohn,2021-11-24,,,,,,https://www.bourbonpenn.com/issue/25/mosaic-by-allie-kiri-mendelsohn,bourbonpenn.com,Bourbon Penn,,./scrape/jsonfiles/0oSdLC++VPnV33Hrg9t4YNBXgRw.json,TRUE
Gwfd1LkoahlfjJDy52NTASerNdw=,Fairbanks,Tara Campbell,2021-03-16,,,,,,https://www.bourbonpenn.com/issue/23/fairbanks-by-tara-campbell,bourbonpenn.com,Bourbon Penn,,./scrape/jsonfiles/IRgoHycsV-NVVdaGEYPx04wBEFw.json,TRUE
Uim7PdZ66c5a5Wg2nIBayMoxBPU=,The Wolf and Saint Carnival of Joy,Alan DeNiro,2015-03-01,,,,,,https://www.bourbonpenn.com/issue/10/the-wolf-and-saint-carnival-of-joy-by-alan-deniro,bourbonpenn.com,Bourbon Penn,,./scrape/jsonfiles/b8TVOaxOYS7JxIjCu8w063X6FSM.json,TRUE
ODHCFYcbLXdiQz16cZG9FlxtMf4=,Diary of the city of dis,Joseph Avski,2011-06-01,,,,,,https://www.bourbonpenn.com/issue/2/diary-of-the-city-of-dis-by-joseph-avski,bourbonpenn.com,Bourbon Penn,,./scrape/jsonfiles/cm54kCALw6a04y7YMjB2ee6evSE.json,TRUE
9xIHCQZjbHrGC7N6LqaJz/VvR+c=,Gone is the Mother in the Sky,John Carlo Encarnacion,2016-04-01,,,,,,https://www.bourbonpenn.com/issue/11/gone-is-the-mother-in-the-sky-by-john-carlo-encarnacion,bourbonpenn.com,Bourbon Penn,,./scrape/jsonfiles/QsClJ4yOezoy2jzOI9-QqMYc8mc.json,TRUE
nk4fqMT44hmOZrZ/0y9SdchbnS0=,The Disembodied Stairwell,J.M. Mitchell,2011-02-01,,,,,,https://www.bourbonpenn.com/issue/1/the-disembodied-stairwell-by-j-m-mitchell,bourbonpenn.com,Bourbon Penn,,./scrape/jsonfiles/wINMYjI4MVB7coC+kyJgx1ZHHHw.json,TRUE
a9LbmUc9ikI/jUelnfWbnFgSCbs=,The Arborists,Rebecca Bennett,2019-07-01,,,,,,https://www.bourbonpenn.com/issue/18/the-arborists-by-rebecca-bennett,bourbonpenn.com,Bourbon Penn,,./scrape/jsonfiles/aqMX7zwsdyd5-xbFy79uNg4oLdk.json,TRUE
3LQY6dMtthGLXcG/dgTc2PYoeu4=,The Haunting of Apartment B,Maureen O’Leary,2022-10-23,,,,,,https://www.bourbonpenn.com/issue/28/the-haunting-of-apartment-b-by-maureen-oleary,bourbonpenn.com,Bourbon Penn,,./scrape/jsonfiles/xiyrNnR-vr5PkXMPvc29yWkTRS4.json,TRUE
mogbzTRay/wPKIGf8MRH3YZQ8Ss=,Whiteness,James L. Steele,2014-02-01,,,,,,https://www.bourbonpenn.com/issue/9/whiteness-by-james-l-steele,bourbonpenn.com,Bourbon Penn,,./scrape/jsonfiles/r+pm5Ah54gkYY5iRZW2rKeiTmto.json,TRUE
kMFd6jxAcQiKJ3fw/ijcrDLczOA=,Two Step Program,Jason Baltazar,2019-11-01,,,,,,https://www.bourbonpenn.com/issue/19/two-step-program-by-jason-baltazar,bourbonpenn.com,Bourbon Penn,,./scrape/jsonfiles/G0ruSl62Zde-U+yKUmvsJ9c790s.json,TRUE
JzT19ZVgHUpQ1u/YoYUjhJ8vmLA=,The Quickening,Casey Forest,2020-11-10,,,,,,https://www.bourbonpenn.com/issue/22/the-quickening-by-casey-forest,bourbonpenn.com,Bourbon Penn,,./scrape/jsonfiles/B7QZFDH3+GXluIQ3Qkrb3eh+r6c.json,TRUE
0Ms8rVdVXrJO9lOrQeeaT6u3paE=,We Clean Everything But Souls,Bentley A. Reese,2017-09-01,,,,,,https://www.bourbonpenn.com/issue/14/we-clean-everything-but-souls-by-bentley-a-reese,bourbonpenn.com,Bourbon Penn,,./scrape/jsonfiles/QUrbMBD5NYlRwCLIjG1J15jvqFU.json,TRUE
b4CLJYoXCU8JTl3ga4Uwl7UG4oc=,Boxing the Breakable,Charles Wilkinson,2016-11-01,,,,,,https://www.bourbonpenn.com/issue/12/boxing-the-breakable-by-charles-wilkinson,bourbonpenn.com,Bourbon Penn,,./scrape/jsonfiles/VtEig-uuNzyXcxfY3sqBzxC5vTo.json,TRUE
z8+Iv1rnOrK/j4T/jXjNJFkXsJY=,52 Hertz,Jana Bianchi,2023-03-01,,,,,,https://www.bourbonpenn.com/issue/29/52-hertz-by-jana-bianchi,bourbonpenn.com,Bourbon Penn,,./scrape/jsonfiles/FF2+sPeliP+QOsPjpiu3f7KrumI.json,TRUE
ZGyW7myv3RJYXTk6pIY9w0pFj/o=,Tommy Wexler and The Case of the Absconding Arsonist,Rich Larson,2021-03-16,,,,,,https://www.bourbonpenn.com/issue/23/tommy-wexler-and-the-case-of-the-absconding-arsonist-by-rich-larson,bourbonpenn.com,Bourbon Penn,,./scrape/jsonfiles/Qx7pXNpYwlIxS2w0oXa+BfLGUWk.json,TRUE
59FSd/whyeUORwG7N+Tdcq+eAbg=,Oslo in the Summertime,Gretchen Tessmer,2023-03-01,,,,,,https://www.bourbonpenn.com/issue/29/oslo-in-the-summertime-by-gretchen-tessmer,bourbonpenn.com,Bourbon Penn,,./scrape/jsonfiles/3wzvnFyBIibeceTiQV12DXSSgx4.json,TRUE
IG/5BpBjMM5sPYLJGwtm5bquQk0=,"Red Diamond, Black Heart, Golden Hexagon",Emma Culla,2021-07-20,,,,,,https://www.bourbonpenn.com/issue/24/red-diamond-black-heart-golden-hexagon-by-emma-culla,bourbonpenn.com,Bourbon Penn,,./scrape/jsonfiles/d-sdZU2+GENsNOXJ2m9QPdlyCaM.json,TRUE
umlewCK2LJXiF4zwoMM1E25iB5s=,My Lady Malady Mad Lady,RM Graves,2017-04-01,,,,,,https://www.bourbonpenn.com/issue/13/my-lady-malady-mad-lady-by-rm-graves,bourbonpenn.com,Bourbon Penn,,./scrape/jsonfiles/mrYxu-BwLBMBvXpnx8g8UXdKFII.json,TRUE
9Dp7BPmaPOgMvSuviKQgvVlrXXA=,The Langsammachen Pitch,Martin Zeigler,2012-04-01,,,,,,https://www.bourbonpenn.com/issue/4/the-langsammachen-pitch-by-martin-zeigler,bourbonpenn.com,Bourbon Penn,,./scrape/jsonfiles/C9yoMRov9YAkp94cSPGSBM5SUdg.json,TRUE
7daL10wt0ap+m7QNGMgMjstPQnM=,Cricket Swing,H. Pueyo,2016-11-01,,,,,,https://www.bourbonpenn.com/issue/12/cricket-swing-by-h-pueyo,bourbonpenn.com,Bourbon Penn,,./scrape/jsonfiles/GNNYXwTYriFRJN8CL-62-Jvl9cc.json,TRUE
jbg+G/EsZW2wLNzw5sMKsy7wWQ4=,Sister,Paige Powell,2020-11-10,,,,,,https://www.bourbonpenn.com/issue/22/sister-by-paige-powell,bourbonpenn.com,Bourbon Penn,,./scrape/jsonfiles/tgdAiCs3DRj9jQ13-0NEbashRE0.json,TRUE
CT2rIP5Cqtz9ACDXI/8pKWnxbOw=,"Stars, Your Light Belongs to Us",Jen Julian,2022-10-23,,,,,,https://www.bourbonpenn.com/issue/28/stars-your-light-belongs-to-us-by-jen-julian,bourbonpenn.com,Bourbon Penn,,./scrape/jsonfiles/zKV+l+kdBvMjN9cdvTKH80mdHX8.json,TRUE
bSQaoGoVa51N84Qyt51TqBWefXY=,A Trip to Venus,Michael Johnson,2011-11-01,,,,,,https://www.bourbonpenn.com/issue/3/a-trip-to-venus-by-michael-johnson,bourbonpenn.com,Bourbon Penn,,./scrape/jsonfiles/uGgw8MVV-b7lmQE7NTZcu6Wf2k4.json,TRUE
sfSGf9OyivwLzMUFSTPlpMAzrAE=,After the Bees,Carson Beker,2012-04-01,,,,,,https://www.bourbonpenn.com/issue/4/after-the-bees-carson-beker,bourbonpenn.com,Bourbon Penn,,./scrape/jsonfiles/4wa1OJng+8dnI61kP5XMuPqJtlg.json,TRUE
p0yS47ZrF7KCJ1jDsmPrGYN8r/w=,Make Believe,Joshua Daniel Cochran,2011-02-01,,,,,,https://www.bourbonpenn.com/issue/1/make-believe-by-joshua-daniel-cochran,bourbonpenn.com,Bourbon Penn,,./scrape/jsonfiles/6-YTFd6PcpCDPo6AfCpD88g5EJo.json,TRUE
pToVW0RErPhUrN3cLPeR6p4hKOs=,The Librarian,Aliya Whiteley,2016-04-01,,,,,,https://www.bourbonpenn.com/issue/11/the-librarian-by-aliya-whiteley,bourbonpenn.com,Bourbon Penn,,./scrape/jsonfiles/CiH+6XFM-UWIljtmb-8BJV4dtzY.json,TRUE
H8+PmVl/O2C4i5Od/jRiEinMsSg=,Lazaret,Louis Evans,2021-11-24,,,,,,https://www.bourbonpenn.com/issue/25/lazaret-by-louis-evans,bourbonpenn.com,Bourbon Penn,,./scrape/jsonfiles/o0AY1mP5iRRl2p2+uLiA27HNzDE.json,TRUE
OJnfBIGNdvK6OptesFBbT7M4ZS8=,She Would Walk Them,Daisy Johnson,2018-11-01,,,,,,https://www.bourbonpenn.com/issue/16/she-would-walk-them-by-daisy-johnson,bourbonpenn.com,Bourbon Penn,,./scrape/jsonfiles/43kEvV-k0Gx76mPO3xhS0paR2DA.json,TRUE
VuX1YgCJpwN1iYrmVjKSt5acUlM=,"Twenty-Seven, Genius Loci",B. Pladek,2019-11-01,,,,,,https://www.bourbonpenn.com/issue/19/twenty-seven-genius-loci-by-b-pladek,bourbonpenn.com,Bourbon Penn,,./scrape/jsonfiles/lwwPzvfz8ayfGSUB+2aDf73YpgE.json,TRUE
ghiFbAmzVjoIT/hkV25ytrOLbos=,Your Fairy is Serenity Elfsong,Samantha Henderson,2013-05-01,,,,,,https://www.bourbonpenn.com/issue/7/your-fairy-is-serenity-elfsong-by-samantha-henderson,bourbonpenn.com,Bourbon Penn,,./scrape/jsonfiles/wU630ZtuPrbw+46Msyf1zqBZ7Tw.json,TRUE
pgtFizay2DIkWQpHQPZxKzfp13w=,American Marsupial,Clifford Garstang,2012-09-01,,,,,,https://www.bourbonpenn.com/issue/5/american-marsupial-by-clifford-garstang,bourbonpenn.com,Bourbon Penn,,./scrape/jsonfiles/gkEGb8VGvLVYvnkEWOrg6SNYxFI.json,TRUE
dkg2KqRxHNJKcxwfDsE74ERGgHU=,Watermark,Ken Hoover,2015-03-01,,,,,,https://www.bourbonpenn.com/issue/10/watermark-by-ken-hoover,bourbonpenn.com,Bourbon Penn,,./scrape/jsonfiles/FL9ahgxWLqPekicez-l+2972B6g.json,TRUE
9a8r4lgGjXUoZXWyTsyB628EotQ=,The Very Civilized Execution of Walter Grimley,William Jablonsky,2017-04-01,,,,,,https://www.bourbonpenn.com/issue/13/the-very-civilized-execution-of-mr-walter-grimley-by-william-jablonsky,bourbonpenn.com,Bourbon Penn,,./scrape/jsonfiles/tKw+mZUNBjnSgA3DNU2Nu++Pyro.json,TRUE
NnZunEzQi5ZP/9pRVKml9hOjbTg=,Reception,Ray Carns,2011-02-01,,,,,,https://www.bourbonpenn.com/issue/1/reception-by-ray-carns,bourbonpenn.com,Bourbon Penn,,./scrape/jsonfiles/3s1HgnXoKl36cL-mH8Mx+35YnwI.json,TRUE
cwZLO3SIRn251zIXwFDBDBmDp90=,The Bone Men,George Edwards Murray,2019-03-01,,,,,,https://www.bourbonpenn.com/issue/17/the-bone-men-by-george-edwards-murray,bourbonpenn.com,Bourbon Penn,,./scrape/jsonfiles/deDAfbMpN93zfmz+UHigGpUbX9M.json,TRUE
rjKU6Htq5GxMIddxZXAR4rpFxm4=,The Attack of the Forty-Foot Cobra Women,George Everet Thompson,2017-09-01,,,,,,https://www.bourbonpenn.com/issue/14/the-attack-of-the-forty-foot-cobra-women-by-george-everet-thompson,bourbonpenn.com,Bourbon Penn,,./scrape/jsonfiles/n5FpogTwUofjCPCJIhSumBSxEfI.json,TRUE
pMTlOfaS6RAnXLWcDWNOcTQDK8s=,The Mall,Hannah Lackoff,2012-04-01,,,,,,https://www.bourbonpenn.com/issue/4/the-mall-by-hannah-lackoff,bourbonpenn.com,Bourbon Penn,,./scrape/jsonfiles/bhuxq+BC25eXbFt978V4Yj1hauw.json,TRUE
OqKecGd5HWj9RYehFZTClJNpKKM=,Sensorium,Josh Pearce,2018-03-01,,,,,,https://www.bourbonpenn.com/issue/15/sensorium-by-josh-pearce,bourbonpenn.com,Bourbon Penn,,./scrape/jsonfiles/DZudhOC1zAzU7bHHEJEfb-fJWEw.json,TRUE
h7OPKXLoTKa3TMERrA4CtlLEkXE=,The Tick and the Tocking,Chelsea Sutton,2014-02-01,,,,,,https://www.bourbonpenn.com/issue/9/the-tick-and-the-tocking-by-chelsea-sutton,bourbonpenn.com,Bourbon Penn,,./scrape/jsonfiles/6ktOEe0gFgKXEnOsWCR6Vy85pew.json,TRUE
uVaYCOzGyP+RCS8B8IlYGdp34KI=,Ten Thousand Cranes,Julie Reeser,2023-03-01,,,,,,https://www.bourbonpenn.com/issue/29/ten-thousand-cranes-by-julie-reeser,bourbonpenn.com,Bourbon Penn,,./scrape/jsonfiles/1JPJZ-DqK8nD9tGjs2Fa4VzRFCc.json,TRUE